id_grupa,id_dziecko,aktywny,data_dolaczenia,data_odejscia
1,1,0,2018-10-01 00:00:00,2023-10-22 00:00:00
1,2,0,2018-10-01 00:00:00,2023-10-22 00:00:00
1,3,0,2018-10-01 00:00:00,2023-10-22 00:00:00
1,4,0,2018-10-01 00:00:00,2023-10-22 00:00:00
1,5,0,2018-10-01 00:00:00,2023-10-22 00:00:00
1,6,0,2018-10-01 00:00:00,2023-10-22 00:00:00
1,7,0,2018-10-01 00:00:00,2023-10-22 00:00:00
1,8,0,2018-10-01 00:00:00,2023-10-22 00:00:00
1,9,0,2018-10-01 00:00:00,2023-10-22 00:00:00
1,10,0,2018-10-01 00:00:00,2023-10-22 00:00:00
2,11,0,2018-10-01 00:00:00,2023-10-22 00:00:00
2,12,0,2018-10-01 00:00:00,2023-10-22 00:00:00
2,13,0,2018-10-01 00:00:00,2023-10-22 00:00:00
2,14,0,2018-10-01 00:00:00,2023-10-22 00:00:00
2,15,0,2018-10-01 00:00:00,2023-10-22 00:00:00
2,16,0,2018-10-01 00:00:00,2023-10-22 00:00:00
3,17,0,2018-11-01 00:00:00,2023-10-22 00:00:00
3,18,0,2018-11-01 00:00:00,2023-10-22 00:00:00
3,19,0,2018-11-01 00:00:00,2023-10-22 00:00:00
3,20,0,2018-11-01 00:00:00,2023-10-22 00:00:00
3,21,0,2018-11-01 00:00:00,2023-10-22 00:00:00
3,22,0,2018-11-01 00:00:00,2023-10-22 00:00:00
3,23,0,2018-11-01 00:00:00,2023-10-22 00:00:00
3,24,0,2018-11-01 00:00:00,2023-10-22 00:00:00
3,25,0,2018-11-01 00:00:00,2023-10-22 00:00:00
3,26,0,2018-11-01 00:00:00,2023-10-22 00:00:00
4,27,0,2018-11-01 00:00:00,2023-10-22 00:00:00
4,28,0,2018-11-01 00:00:00,2023-10-22 00:00:00
4,29,0,2018-11-01 00:00:00,2023-10-22 00:00:00
4,30,0,2018-11-01 00:00:00,2023-10-22 00:00:00
4,31,0,2018-11-01 00:00:00,2023-10-22 00:00:00
4,32,0,2018-11-01 00:00:00,2023-10-22 00:00:00
5,33,0,2018-12-01 00:00:00,2023-10-22 00:00:00
5,34,0,2018-12-01 00:00:00,2023-10-22 00:00:00
5,35,0,2018-12-01 00:00:00,2023-10-22 00:00:00
5,36,0,2018-12-01 00:00:00,2023-10-22 00:00:00
5,37,0,2018-12-01 00:00:00,2023-10-22 00:00:00
5,38,0,2018-12-01 00:00:00,2023-10-22 00:00:00
5,39,0,2018-12-01 00:00:00,2023-10-22 00:00:00
5,40,0,2018-12-01 00:00:00,2023-10-22 00:00:00
5,41,0,2018-12-01 00:00:00,2023-10-22 00:00:00
5,42,0,2018-12-01 00:00:00,2023-10-22 00:00:00
6,43,0,2018-12-01 00:00:00,2023-10-22 00:00:00
6,44,0,2018-12-01 00:00:00,2023-10-22 00:00:00
6,45,0,2018-12-01 00:00:00,2023-10-22 00:00:00
6,46,0,2018-12-01 00:00:00,2023-10-22 00:00:00
6,47,0,2018-12-01 00:00:00,2023-10-22 00:00:00
6,48,0,2018-12-01 00:00:00,2023-10-22 00:00:00
7,49,0,2019-01-01 00:00:00,2023-10-22 00:00:00
7,50,0,2019-01-01 00:00:00,2023-10-22 00:00:00
7,51,0,2019-01-01 00:00:00,2023-10-22 00:00:00
7,52,0,2019-01-01 00:00:00,2023-10-22 00:00:00
7,53,0,2019-01-01 00:00:00,2023-10-22 00:00:00
7,54,0,2019-01-01 00:00:00,2023-10-22 00:00:00
7,55,0,2019-01-01 00:00:00,2023-10-22 00:00:00
7,56,0,2019-01-01 00:00:00,2023-10-22 00:00:00
7,57,0,2019-01-01 00:00:00,2023-10-22 00:00:00
7,58,0,2019-01-01 00:00:00,2023-10-22 00:00:00
8,59,0,2019-01-01 00:00:00,2023-10-22 00:00:00
8,60,0,2019-01-01 00:00:00,2023-10-22 00:00:00
8,61,0,2019-01-01 00:00:00,2023-10-22 00:00:00
8,62,0,2019-01-01 00:00:00,2023-10-22 00:00:00
8,63,0,2019-01-01 00:00:00,2023-10-22 00:00:00
8,64,0,2019-01-01 00:00:00,2023-10-22 00:00:00
9,65,0,2019-02-01 00:00:00,2023-10-22 00:00:00
9,66,0,2019-02-01 00:00:00,2023-10-22 00:00:00
9,67,0,2019-02-01 00:00:00,2023-10-22 00:00:00
9,68,0,2019-02-01 00:00:00,2023-10-22 00:00:00
9,69,0,2019-02-01 00:00:00,2023-10-22 00:00:00
9,70,0,2019-02-01 00:00:00,2023-10-22 00:00:00
9,71,0,2019-02-01 00:00:00,2023-10-22 00:00:00
9,72,0,2019-02-01 00:00:00,2023-10-22 00:00:00
9,73,0,2019-02-01 00:00:00,2023-10-22 00:00:00
9,74,0,2019-02-01 00:00:00,2023-10-22 00:00:00
10,75,0,2019-02-01 00:00:00,2023-10-22 00:00:00
10,76,0,2019-02-01 00:00:00,2023-10-22 00:00:00
10,77,0,2019-02-01 00:00:00,2023-10-22 00:00:00
10,78,0,2019-02-01 00:00:00,2023-10-22 00:00:00
10,79,0,2019-02-01 00:00:00,2023-10-22 00:00:00
10,80,0,2019-02-01 00:00:00,2023-10-22 00:00:00
11,81,0,2019-04-01 00:00:00,2023-10-22 00:00:00
11,82,0,2019-04-01 00:00:00,2023-10-22 00:00:00
11,83,0,2019-04-01 00:00:00,2023-10-22 00:00:00
11,84,0,2019-04-01 00:00:00,2023-10-22 00:00:00
11,85,0,2019-04-01 00:00:00,2023-10-22 00:00:00
11,86,0,2019-04-01 00:00:00,2023-10-22 00:00:00
11,87,0,2019-04-01 00:00:00,2023-10-22 00:00:00
11,88,0,2019-04-01 00:00:00,2023-10-22 00:00:00
11,89,0,2019-04-01 00:00:00,2023-10-22 00:00:00
11,90,0,2019-04-01 00:00:00,2023-10-22 00:00:00
12,91,0,2019-04-01 00:00:00,2023-10-22 00:00:00
12,92,0,2019-04-01 00:00:00,2023-10-22 00:00:00
12,93,0,2019-04-01 00:00:00,2023-10-22 00:00:00
12,94,0,2019-04-01 00:00:00,2023-10-22 00:00:00
12,95,0,2019-04-01 00:00:00,2023-10-22 00:00:00
12,96,0,2019-04-01 00:00:00,2023-10-22 00:00:00
13,97,0,2019-05-01 00:00:00,2023-10-22 00:00:00
13,98,0,2019-05-01 00:00:00,2023-10-22 00:00:00
13,99,0,2019-05-01 00:00:00,2023-10-22 00:00:00
13,100,0,2019-05-01 00:00:00,2023-10-22 00:00:00
13,101,0,2019-05-01 00:00:00,2023-10-22 00:00:00
13,102,0,2019-05-01 00:00:00,2023-10-22 00:00:00
13,103,0,2019-05-01 00:00:00,2023-10-22 00:00:00
13,104,0,2019-05-01 00:00:00,2023-10-22 00:00:00
13,105,0,2019-05-01 00:00:00,2023-10-22 00:00:00
13,106,0,2019-05-01 00:00:00,2023-10-22 00:00:00
14,107,0,2019-05-01 00:00:00,2023-10-22 00:00:00
14,108,0,2019-05-01 00:00:00,2023-10-22 00:00:00
14,109,0,2019-05-01 00:00:00,2023-10-22 00:00:00
14,110,0,2019-05-01 00:00:00,2023-10-22 00:00:00
14,111,0,2019-05-01 00:00:00,2023-10-22 00:00:00
14,112,0,2019-05-01 00:00:00,2023-10-22 00:00:00
15,113,0,2019-06-01 00:00:00,2023-10-22 00:00:00
15,114,0,2019-06-01 00:00:00,2023-10-22 00:00:00
15,115,0,2019-06-01 00:00:00,2023-10-22 00:00:00
15,116,0,2019-06-01 00:00:00,2023-10-22 00:00:00
15,117,0,2019-06-01 00:00:00,2023-10-22 00:00:00
15,118,0,2019-06-01 00:00:00,2023-10-22 00:00:00
15,119,0,2019-06-01 00:00:00,2023-10-22 00:00:00
15,120,0,2019-06-01 00:00:00,2023-10-22 00:00:00
15,121,0,2019-06-01 00:00:00,2023-10-22 00:00:00
15,122,0,2019-06-01 00:00:00,2023-10-22 00:00:00
16,123,0,2019-06-01 00:00:00,2023-10-22 00:00:00
16,124,0,2019-06-01 00:00:00,2023-10-22 00:00:00
16,125,0,2019-06-01 00:00:00,2023-10-22 00:00:00
16,126,0,2019-06-01 00:00:00,2023-10-22 00:00:00
16,127,0,2019-06-01 00:00:00,2023-10-22 00:00:00
16,128,0,2019-06-01 00:00:00,2023-10-22 00:00:00
17,129,0,2019-07-01 00:00:00,2023-10-22 00:00:00
17,130,0,2019-07-01 00:00:00,2023-10-22 00:00:00
17,131,0,2019-07-01 00:00:00,2023-10-22 00:00:00
17,132,0,2019-07-01 00:00:00,2023-10-22 00:00:00
17,133,0,2019-07-01 00:00:00,2023-10-22 00:00:00
17,134,0,2019-07-01 00:00:00,2023-10-22 00:00:00
17,135,0,2019-07-01 00:00:00,2023-10-22 00:00:00
17,136,0,2019-07-01 00:00:00,2023-10-22 00:00:00
17,137,0,2019-07-01 00:00:00,2023-10-22 00:00:00
17,138,0,2019-07-01 00:00:00,2023-10-22 00:00:00
18,139,0,2019-07-01 00:00:00,2023-10-22 00:00:00
18,140,0,2019-07-01 00:00:00,2023-10-22 00:00:00
18,141,0,2019-07-01 00:00:00,2023-10-22 00:00:00
18,142,0,2019-07-01 00:00:00,2023-10-22 00:00:00
18,143,0,2019-07-01 00:00:00,2023-10-22 00:00:00
18,144,0,2019-07-01 00:00:00,2023-10-22 00:00:00
19,145,0,2019-08-01 00:00:00,2023-10-22 00:00:00
19,146,0,2019-08-01 00:00:00,2023-10-22 00:00:00
19,147,0,2019-08-01 00:00:00,2023-10-22 00:00:00
19,148,0,2019-08-01 00:00:00,2023-10-22 00:00:00
19,149,0,2019-08-01 00:00:00,2023-10-22 00:00:00
19,150,0,2019-08-01 00:00:00,2023-10-22 00:00:00
19,151,0,2019-08-01 00:00:00,2023-10-22 00:00:00
19,152,0,2019-08-01 00:00:00,2023-10-22 00:00:00
19,153,0,2019-08-01 00:00:00,2023-10-22 00:00:00
19,154,0,2019-08-01 00:00:00,2023-10-22 00:00:00
20,155,0,2019-08-01 00:00:00,2023-10-22 00:00:00
20,156,0,2019-08-01 00:00:00,2023-10-22 00:00:00
20,157,0,2019-08-01 00:00:00,2023-10-22 00:00:00
20,158,0,2019-08-01 00:00:00,2023-10-22 00:00:00
20,159,0,2019-08-01 00:00:00,2023-10-22 00:00:00
20,160,0,2019-08-01 00:00:00,2023-10-22 00:00:00
21,161,0,2019-09-01 00:00:00,2023-10-22 00:00:00
21,162,0,2019-09-01 00:00:00,2023-10-22 00:00:00
21,163,0,2019-09-01 00:00:00,2023-10-22 00:00:00
21,164,0,2019-09-01 00:00:00,2023-10-22 00:00:00
21,165,0,2019-09-01 00:00:00,2023-10-22 00:00:00
21,166,0,2019-09-01 00:00:00,2023-10-22 00:00:00
21,167,0,2019-09-01 00:00:00,2023-10-22 00:00:00
21,168,0,2019-09-01 00:00:00,2023-10-22 00:00:00
21,169,0,2019-09-01 00:00:00,2023-10-22 00:00:00
21,170,0,2019-09-01 00:00:00,2023-10-22 00:00:00
22,171,0,2019-09-01 00:00:00,2023-10-22 00:00:00
22,172,0,2019-09-01 00:00:00,2023-10-22 00:00:00
22,173,0,2019-09-01 00:00:00,2023-10-22 00:00:00
22,174,0,2019-09-01 00:00:00,2023-10-22 00:00:00
22,175,0,2019-09-01 00:00:00,2023-10-22 00:00:00
22,176,0,2019-09-01 00:00:00,2023-10-22 00:00:00
23,177,0,2019-10-01 00:00:00,2023-10-22 00:00:00
23,178,0,2019-10-01 00:00:00,2023-10-22 00:00:00
23,179,0,2019-10-01 00:00:00,2023-10-22 00:00:00
23,180,0,2019-10-01 00:00:00,2023-10-22 00:00:00
23,181,0,2019-10-01 00:00:00,2023-10-22 00:00:00
23,182,0,2019-10-01 00:00:00,2023-10-22 00:00:00
23,183,0,2019-10-01 00:00:00,2023-10-22 00:00:00
23,184,0,2019-10-01 00:00:00,2023-10-22 00:00:00
23,185,0,2019-10-01 00:00:00,2023-10-22 00:00:00
23,186,0,2019-10-01 00:00:00,2023-10-22 00:00:00
24,187,0,2019-10-01 00:00:00,2023-10-22 00:00:00
24,188,0,2019-10-01 00:00:00,2023-10-22 00:00:00
24,189,0,2019-10-01 00:00:00,2023-10-22 00:00:00
24,190,0,2019-10-01 00:00:00,2023-10-22 00:00:00
24,191,0,2019-10-01 00:00:00,2023-10-22 00:00:00
24,192,0,2019-10-01 00:00:00,2023-10-22 00:00:00
25,193,0,2019-11-01 00:00:00,2023-10-22 00:00:00
25,194,0,2019-11-01 00:00:00,2023-10-22 00:00:00
25,195,0,2019-11-01 00:00:00,2023-10-22 00:00:00
25,196,0,2019-11-01 00:00:00,2023-10-22 00:00:00
25,197,0,2019-11-01 00:00:00,2023-10-22 00:00:00
25,198,0,2019-11-01 00:00:00,2023-10-22 00:00:00
25,199,0,2019-11-01 00:00:00,2023-10-22 00:00:00
25,200,0,2019-11-01 00:00:00,2023-10-22 00:00:00
25,201,0,2019-11-01 00:00:00,2023-10-22 00:00:00
25,202,0,2019-11-01 00:00:00,2023-10-22 00:00:00
26,203,0,2019-11-01 00:00:00,2023-10-22 00:00:00
26,204,0,2019-11-01 00:00:00,2023-10-22 00:00:00
26,205,0,2019-11-01 00:00:00,2023-10-22 00:00:00
26,206,0,2019-11-01 00:00:00,2023-10-22 00:00:00
26,207,0,2019-11-01 00:00:00,2023-10-22 00:00:00
26,208,0,2019-11-01 00:00:00,2023-10-22 00:00:00
27,209,0,2019-12-01 00:00:00,2023-10-22 00:00:00
27,210,0,2019-12-01 00:00:00,2023-10-22 00:00:00
27,211,0,2019-12-01 00:00:00,2023-10-22 00:00:00
27,212,0,2019-12-01 00:00:00,2023-10-22 00:00:00
27,213,0,2019-12-01 00:00:00,2023-10-22 00:00:00
27,214,0,2019-12-01 00:00:00,2023-10-22 00:00:00
27,215,0,2019-12-01 00:00:00,2023-10-22 00:00:00
27,216,0,2019-12-01 00:00:00,2023-10-22 00:00:00
27,217,0,2019-12-01 00:00:00,2023-10-22 00:00:00
27,218,0,2019-12-01 00:00:00,2023-10-22 00:00:00
28,219,0,2019-12-01 00:00:00,2023-10-22 00:00:00
28,220,0,2019-12-01 00:00:00,2023-10-22 00:00:00
28,221,0,2019-12-01 00:00:00,2023-10-22 00:00:00
28,222,0,2019-12-01 00:00:00,2023-10-22 00:00:00
28,223,0,2019-12-01 00:00:00,2023-10-22 00:00:00
28,224,0,2019-12-01 00:00:00,2023-10-22 00:00:00
29,225,0,2020-01-01 00:00:00,2023-10-22 00:00:00
29,226,0,2020-01-01 00:00:00,2023-10-22 00:00:00
29,227,0,2020-01-01 00:00:00,2023-10-22 00:00:00
29,228,0,2020-01-01 00:00:00,2023-10-22 00:00:00
29,229,0,2020-01-01 00:00:00,2023-10-22 00:00:00
29,230,0,2020-01-01 00:00:00,2023-10-22 00:00:00
29,231,0,2020-01-01 00:00:00,2023-10-22 00:00:00
29,232,0,2020-01-01 00:00:00,2023-10-22 00:00:00
29,233,0,2020-01-01 00:00:00,2023-10-22 00:00:00
29,234,0,2020-01-01 00:00:00,2023-10-22 00:00:00
30,235,0,2020-01-01 00:00:00,2023-10-22 00:00:00
30,236,0,2020-01-01 00:00:00,2023-10-22 00:00:00
30,237,0,2020-01-01 00:00:00,2023-10-22 00:00:00
30,238,0,2020-01-01 00:00:00,2023-10-22 00:00:00
30,239,0,2020-01-01 00:00:00,2023-10-22 00:00:00
30,240,0,2020-01-01 00:00:00,2023-10-22 00:00:00
31,241,0,2020-02-01 00:00:00,2023-10-22 00:00:00
31,242,0,2020-02-01 00:00:00,2023-10-22 00:00:00
31,243,0,2020-02-01 00:00:00,2023-10-22 00:00:00
31,244,0,2020-02-01 00:00:00,2023-10-22 00:00:00
31,245,0,2020-02-01 00:00:00,2023-10-22 00:00:00
31,246,0,2020-02-01 00:00:00,2023-10-22 00:00:00
31,247,0,2020-02-01 00:00:00,2023-10-22 00:00:00
31,248,0,2020-02-01 00:00:00,2023-10-22 00:00:00
31,249,0,2020-02-01 00:00:00,2023-10-22 00:00:00
31,250,0,2020-02-01 00:00:00,2023-10-22 00:00:00
32,251,0,2020-02-01 00:00:00,2023-10-22 00:00:00
32,252,0,2020-02-01 00:00:00,2023-10-22 00:00:00
32,253,0,2020-02-01 00:00:00,2023-10-22 00:00:00
32,254,0,2020-02-01 00:00:00,2023-10-22 00:00:00
32,255,0,2020-02-01 00:00:00,2023-10-22 00:00:00
32,256,0,2020-02-01 00:00:00,2023-10-22 00:00:00
33,257,0,2020-03-01 00:00:00,2023-10-22 00:00:00
33,258,0,2020-03-01 00:00:00,2023-10-22 00:00:00
33,259,0,2020-03-01 00:00:00,2023-10-22 00:00:00
33,260,0,2020-03-01 00:00:00,2023-10-22 00:00:00
33,261,0,2020-03-01 00:00:00,2023-10-22 00:00:00
33,262,0,2020-03-01 00:00:00,2023-10-22 00:00:00
33,263,0,2020-03-01 00:00:00,2023-10-22 00:00:00
33,264,0,2020-03-01 00:00:00,2023-10-22 00:00:00
33,265,0,2020-03-01 00:00:00,2023-10-22 00:00:00
33,266,0,2020-03-01 00:00:00,2023-10-22 00:00:00
34,267,0,2020-03-01 00:00:00,2023-10-22 00:00:00
34,268,0,2020-03-01 00:00:00,2023-10-22 00:00:00
34,269,0,2020-03-01 00:00:00,2023-10-22 00:00:00
34,270,0,2020-03-01 00:00:00,2023-10-22 00:00:00
34,271,0,2020-03-01 00:00:00,2023-10-22 00:00:00
34,272,0,2020-03-01 00:00:00,2023-10-22 00:00:00
35,273,0,2020-04-01 00:00:00,2023-10-22 00:00:00
35,274,0,2020-04-01 00:00:00,2023-10-22 00:00:00
35,275,0,2020-04-01 00:00:00,2023-10-22 00:00:00
35,276,0,2020-04-01 00:00:00,2023-10-22 00:00:00
35,277,0,2020-04-01 00:00:00,2023-10-22 00:00:00
35,278,0,2020-04-01 00:00:00,2023-10-22 00:00:00
35,279,0,2020-04-01 00:00:00,2023-10-22 00:00:00
35,280,0,2020-04-01 00:00:00,2023-10-22 00:00:00
35,281,0,2020-04-01 00:00:00,2023-10-22 00:00:00
35,282,0,2020-04-01 00:00:00,2023-10-22 00:00:00
36,283,0,2020-04-01 00:00:00,2023-10-22 00:00:00
36,284,0,2020-04-01 00:00:00,2023-10-22 00:00:00
36,285,0,2020-04-01 00:00:00,2023-10-22 00:00:00
36,286,0,2020-04-01 00:00:00,2023-10-22 00:00:00
36,287,0,2020-04-01 00:00:00,2023-10-22 00:00:00
36,288,0,2020-04-01 00:00:00,2023-10-22 00:00:00
37,289,0,2020-05-01 00:00:00,2023-10-22 00:00:00
37,290,0,2020-05-01 00:00:00,2023-10-22 00:00:00
37,291,0,2020-05-01 00:00:00,2023-10-22 00:00:00
37,292,0,2020-05-01 00:00:00,2023-10-22 00:00:00
37,293,0,2020-05-01 00:00:00,2023-10-22 00:00:00
37,294,0,2020-05-01 00:00:00,2023-10-22 00:00:00
37,295,0,2020-05-01 00:00:00,2023-10-22 00:00:00
37,296,0,2020-05-01 00:00:00,2023-10-22 00:00:00
37,297,0,2020-05-01 00:00:00,2023-10-22 00:00:00
37,298,0,2020-05-01 00:00:00,2023-10-22 00:00:00
38,299,0,2020-05-01 00:00:00,2023-10-22 00:00:00
38,300,0,2020-05-01 00:00:00,2023-10-22 00:00:00
38,301,0,2020-05-01 00:00:00,2023-10-22 00:00:00
38,302,0,2020-05-01 00:00:00,2023-10-22 00:00:00
38,303,0,2020-05-01 00:00:00,2023-10-22 00:00:00
38,304,0,2020-05-01 00:00:00,2023-10-22 00:00:00
39,305,0,2020-06-01 00:00:00,2023-10-22 00:00:00
39,306,0,2020-06-01 00:00:00,2023-10-22 00:00:00
39,307,0,2020-06-01 00:00:00,2023-10-22 00:00:00
39,308,0,2020-06-01 00:00:00,2023-10-22 00:00:00
39,309,0,2020-06-01 00:00:00,2023-10-22 00:00:00
39,310,0,2020-06-01 00:00:00,2023-10-22 00:00:00
39,311,0,2020-06-01 00:00:00,2023-10-22 00:00:00
39,312,0,2020-06-01 00:00:00,2023-10-22 00:00:00
39,313,0,2020-06-01 00:00:00,2023-10-22 00:00:00
39,314,0,2020-06-01 00:00:00,2023-10-22 00:00:00
40,315,0,2020-06-01 00:00:00,2023-10-22 00:00:00
40,316,0,2020-06-01 00:00:00,2023-10-22 00:00:00
40,317,0,2020-06-01 00:00:00,2023-10-22 00:00:00
40,318,0,2020-06-01 00:00:00,2023-10-22 00:00:00
40,319,0,2020-06-01 00:00:00,2023-10-22 00:00:00
40,320,0,2020-06-01 00:00:00,2023-10-22 00:00:00
41,321,0,2020-07-01 00:00:00,2023-10-22 00:00:00
41,322,0,2020-07-01 00:00:00,2023-10-22 00:00:00
41,323,0,2020-07-01 00:00:00,2023-10-22 00:00:00
41,324,0,2020-07-01 00:00:00,2023-10-22 00:00:00
41,325,0,2020-07-01 00:00:00,2023-10-22 00:00:00
41,326,0,2020-07-01 00:00:00,2023-10-22 00:00:00
41,327,0,2020-07-01 00:00:00,2023-10-22 00:00:00
41,328,0,2020-07-01 00:00:00,2023-10-22 00:00:00
41,329,0,2020-07-01 00:00:00,2023-10-22 00:00:00
41,330,0,2020-07-01 00:00:00,2023-10-22 00:00:00
42,331,0,2020-07-01 00:00:00,2023-10-22 00:00:00
42,332,0,2020-07-01 00:00:00,2023-10-22 00:00:00
42,333,0,2020-07-01 00:00:00,2023-10-22 00:00:00
42,334,0,2020-07-01 00:00:00,2023-10-22 00:00:00
42,335,0,2020-07-01 00:00:00,2023-10-22 00:00:00
42,336,0,2020-07-01 00:00:00,2023-10-22 00:00:00
43,337,0,2020-08-01 00:00:00,2023-10-22 00:00:00
43,338,0,2020-08-01 00:00:00,2023-10-22 00:00:00
43,339,0,2020-08-01 00:00:00,2023-10-22 00:00:00
43,340,0,2020-08-01 00:00:00,2023-10-22 00:00:00
43,341,0,2020-08-01 00:00:00,2023-10-22 00:00:00
43,342,0,2020-08-01 00:00:00,2023-10-22 00:00:00
43,343,0,2020-08-01 00:00:00,2023-10-22 00:00:00
43,344,0,2020-08-01 00:00:00,2023-10-22 00:00:00
43,345,0,2020-08-01 00:00:00,2023-10-22 00:00:00
43,346,0,2020-08-01 00:00:00,2023-10-22 00:00:00
44,347,0,2020-08-01 00:00:00,2023-10-22 00:00:00
44,348,0,2020-08-01 00:00:00,2023-10-22 00:00:00
44,349,0,2020-08-01 00:00:00,2023-10-22 00:00:00
44,350,0,2020-08-01 00:00:00,2023-10-22 00:00:00
44,351,0,2020-08-01 00:00:00,2023-10-22 00:00:00
44,352,0,2020-08-01 00:00:00,2023-10-22 00:00:00
45,353,0,2020-09-01 00:00:00,2023-10-22 00:00:00
45,354,0,2020-09-01 00:00:00,2023-10-22 00:00:00
45,355,0,2020-09-01 00:00:00,2023-10-22 00:00:00
45,356,0,2020-09-01 00:00:00,2023-10-22 00:00:00
45,357,0,2020-09-01 00:00:00,2023-10-22 00:00:00
45,358,0,2020-09-01 00:00:00,2023-10-22 00:00:00
45,359,0,2020-09-01 00:00:00,2023-10-22 00:00:00
45,360,0,2020-09-01 00:00:00,2023-10-22 00:00:00
45,361,0,2020-09-01 00:00:00,2023-10-22 00:00:00
45,362,0,2020-09-01 00:00:00,2023-10-22 00:00:00
46,363,0,2020-09-01 00:00:00,2023-10-22 00:00:00
46,364,0,2020-09-01 00:00:00,2023-10-22 00:00:00
46,365,0,2020-09-01 00:00:00,2023-10-22 00:00:00
46,366,0,2020-09-01 00:00:00,2023-10-22 00:00:00
46,367,0,2020-09-01 00:00:00,2023-10-22 00:00:00
46,368,0,2020-09-01 00:00:00,2023-10-22 00:00:00
47,369,0,2020-10-01 00:00:00,2023-10-22 00:00:00
47,370,0,2020-10-01 00:00:00,2023-10-22 00:00:00
47,371,0,2020-10-01 00:00:00,2023-10-22 00:00:00
47,372,0,2020-10-01 00:00:00,2023-10-22 00:00:00
47,373,0,2020-10-01 00:00:00,2023-10-22 00:00:00
47,374,0,2020-10-01 00:00:00,2023-10-22 00:00:00
47,375,0,2020-10-01 00:00:00,2023-10-22 00:00:00
47,376,0,2020-10-01 00:00:00,2023-10-22 00:00:00
47,377,0,2020-10-01 00:00:00,2023-10-22 00:00:00
47,378,0,2020-10-01 00:00:00,2023-10-22 00:00:00
48,379,0,2020-10-01 00:00:00,2023-10-22 00:00:00
48,380,0,2020-10-01 00:00:00,2023-10-22 00:00:00
48,381,0,2020-10-01 00:00:00,2023-10-22 00:00:00
48,382,0,2020-10-01 00:00:00,2023-10-22 00:00:00
48,383,0,2020-10-01 00:00:00,2023-10-22 00:00:00
48,384,0,2020-10-01 00:00:00,2023-10-22 00:00:00
49,385,0,2020-11-01 00:00:00,2023-10-22 00:00:00
49,386,0,2020-11-01 00:00:00,2023-10-22 00:00:00
49,387,0,2020-11-01 00:00:00,2023-10-22 00:00:00
49,388,0,2020-11-01 00:00:00,2023-10-22 00:00:00
49,389,0,2020-11-01 00:00:00,2023-10-22 00:00:00
49,390,0,2020-11-01 00:00:00,2023-10-22 00:00:00
49,391,0,2020-11-01 00:00:00,2023-10-22 00:00:00
49,392,0,2020-11-01 00:00:00,2023-10-22 00:00:00
49,393,0,2020-11-01 00:00:00,2023-10-22 00:00:00
49,394,0,2020-11-01 00:00:00,2023-10-22 00:00:00
50,395,0,2020-11-01 00:00:00,2023-10-22 00:00:00
50,396,0,2020-11-01 00:00:00,2023-10-22 00:00:00
50,397,0,2020-11-01 00:00:00,2023-10-22 00:00:00
50,398,0,2020-11-01 00:00:00,2023-10-22 00:00:00
50,399,0,2020-11-01 00:00:00,2023-10-22 00:00:00
50,400,0,2020-11-01 00:00:00,2023-10-22 00:00:00
51,401,0,2020-12-01 00:00:00,2023-10-22 00:00:00
51,402,0,2020-12-01 00:00:00,2023-10-22 00:00:00
51,403,0,2020-12-01 00:00:00,2023-10-22 00:00:00
51,404,0,2020-12-01 00:00:00,2023-10-22 00:00:00
51,405,0,2020-12-01 00:00:00,2023-10-22 00:00:00
51,406,0,2020-12-01 00:00:00,2023-10-22 00:00:00
51,407,0,2020-12-01 00:00:00,2023-10-22 00:00:00
51,408,0,2020-12-01 00:00:00,2023-10-22 00:00:00
51,409,0,2020-12-01 00:00:00,2023-10-22 00:00:00
51,410,0,2020-12-01 00:00:00,2023-10-22 00:00:00
52,411,0,2020-12-01 00:00:00,2023-10-22 00:00:00
52,412,0,2020-12-01 00:00:00,2023-10-22 00:00:00
52,413,0,2020-12-01 00:00:00,2023-10-22 00:00:00
52,414,0,2020-12-01 00:00:00,2023-10-22 00:00:00
52,415,0,2020-12-01 00:00:00,2023-10-22 00:00:00
52,416,0,2020-12-01 00:00:00,2023-10-22 00:00:00
53,417,0,2021-01-01 00:00:00,2023-10-22 00:00:00
53,418,0,2021-01-01 00:00:00,2023-10-22 00:00:00
53,419,0,2021-01-01 00:00:00,2023-10-22 00:00:00
53,420,0,2021-01-01 00:00:00,2023-10-22 00:00:00
53,421,0,2021-01-01 00:00:00,2023-10-22 00:00:00
53,422,0,2021-01-01 00:00:00,2023-10-22 00:00:00
53,423,0,2021-01-01 00:00:00,2023-10-22 00:00:00
53,424,0,2021-01-01 00:00:00,2023-10-22 00:00:00
53,425,0,2021-01-01 00:00:00,2023-10-22 00:00:00
53,426,0,2021-01-01 00:00:00,2023-10-22 00:00:00
54,427,0,2021-01-01 00:00:00,2023-10-22 00:00:00
54,428,0,2021-01-01 00:00:00,2023-10-22 00:00:00
54,429,0,2021-01-01 00:00:00,2023-10-22 00:00:00
54,430,0,2021-01-01 00:00:00,2023-10-22 00:00:00
54,431,0,2021-01-01 00:00:00,2023-10-22 00:00:00
54,432,0,2021-01-01 00:00:00,2023-10-22 00:00:00
55,433,0,2021-02-01 00:00:00,2023-10-22 00:00:00
55,434,0,2021-02-01 00:00:00,2023-10-22 00:00:00
55,435,0,2021-02-01 00:00:00,2023-10-22 00:00:00
55,436,0,2021-02-01 00:00:00,2023-10-22 00:00:00
55,437,0,2021-02-01 00:00:00,2023-10-22 00:00:00
55,438,0,2021-02-01 00:00:00,2023-10-22 00:00:00
55,439,0,2021-02-01 00:00:00,2023-10-22 00:00:00
55,440,0,2021-02-01 00:00:00,2023-10-22 00:00:00
55,441,0,2021-02-01 00:00:00,2023-10-22 00:00:00
55,442,0,2021-02-01 00:00:00,2023-10-22 00:00:00
56,443,0,2021-02-01 00:00:00,2023-10-22 00:00:00
56,444,0,2021-02-01 00:00:00,2023-10-22 00:00:00
56,445,0,2021-02-01 00:00:00,2023-10-22 00:00:00
56,446,0,2021-02-01 00:00:00,2023-10-22 00:00:00
56,447,0,2021-02-01 00:00:00,2023-10-22 00:00:00
56,448,0,2021-02-01 00:00:00,2023-10-22 00:00:00
57,449,0,2021-04-01 00:00:00,2023-10-22 00:00:00
57,450,0,2021-04-01 00:00:00,2023-10-22 00:00:00
57,451,0,2021-04-01 00:00:00,2023-10-22 00:00:00
57,452,0,2021-04-01 00:00:00,2023-10-22 00:00:00
57,453,0,2021-04-01 00:00:00,2023-10-22 00:00:00
57,454,0,2021-04-01 00:00:00,2023-10-22 00:00:00
57,455,0,2021-04-01 00:00:00,2023-10-22 00:00:00
57,456,0,2021-04-01 00:00:00,2023-10-22 00:00:00
57,457,0,2021-04-01 00:00:00,2023-10-22 00:00:00
57,458,0,2021-04-01 00:00:00,2023-10-22 00:00:00
58,459,0,2021-04-01 00:00:00,2023-10-22 00:00:00
58,460,0,2021-04-01 00:00:00,2023-10-22 00:00:00
58,461,0,2021-04-01 00:00:00,2023-10-22 00:00:00
58,462,0,2021-04-01 00:00:00,2023-10-22 00:00:00
58,463,0,2021-04-01 00:00:00,2023-10-22 00:00:00
58,464,0,2021-04-01 00:00:00,2023-10-22 00:00:00
59,465,0,2021-05-01 00:00:00,2023-10-22 00:00:00
59,466,0,2021-05-01 00:00:00,2023-10-22 00:00:00
59,467,0,2021-05-01 00:00:00,2023-10-22 00:00:00
59,468,0,2021-05-01 00:00:00,2023-10-22 00:00:00
59,469,0,2021-05-01 00:00:00,2023-10-22 00:00:00
59,470,0,2021-05-01 00:00:00,2023-10-22 00:00:00
59,471,0,2021-05-01 00:00:00,2023-10-22 00:00:00
59,472,0,2021-05-01 00:00:00,2023-10-22 00:00:00
59,473,0,2021-05-01 00:00:00,2023-10-22 00:00:00
59,474,0,2021-05-01 00:00:00,2023-10-22 00:00:00
60,475,0,2021-05-01 00:00:00,2023-10-22 00:00:00
60,476,0,2021-05-01 00:00:00,2023-10-22 00:00:00
60,477,0,2021-05-01 00:00:00,2023-10-22 00:00:00
60,478,0,2021-05-01 00:00:00,2023-10-22 00:00:00
60,479,0,2021-05-01 00:00:00,2023-10-22 00:00:00
60,480,0,2021-05-01 00:00:00,2023-10-22 00:00:00
61,481,0,2021-06-01 00:00:00,2023-10-22 00:00:00
61,482,0,2021-06-01 00:00:00,2023-10-22 00:00:00
61,483,0,2021-06-01 00:00:00,2023-10-22 00:00:00
61,484,0,2021-06-01 00:00:00,2023-10-22 00:00:00
61,485,0,2021-06-01 00:00:00,2023-10-22 00:00:00
61,486,0,2021-06-01 00:00:00,2023-10-22 00:00:00
61,487,0,2021-06-01 00:00:00,2023-10-22 00:00:00
61,488,0,2021-06-01 00:00:00,2023-10-22 00:00:00
61,489,0,2021-06-01 00:00:00,2023-10-22 00:00:00
61,490,0,2021-06-01 00:00:00,2023-10-22 00:00:00
62,491,0,2021-06-01 00:00:00,2023-10-22 00:00:00
62,492,0,2021-06-01 00:00:00,2023-10-22 00:00:00
62,493,0,2021-06-01 00:00:00,2023-10-22 00:00:00
62,494,0,2021-06-01 00:00:00,2023-10-22 00:00:00
62,495,0,2021-06-01 00:00:00,2023-10-22 00:00:00
62,496,0,2021-06-01 00:00:00,2023-10-22 00:00:00
63,497,0,2021-07-01 00:00:00,2023-10-22 00:00:00
63,498,0,2021-07-01 00:00:00,2023-10-22 00:00:00
63,499,0,2021-07-01 00:00:00,2023-10-22 00:00:00
63,500,0,2021-07-01 00:00:00,2023-10-22 00:00:00
63,501,0,2021-07-01 00:00:00,2023-10-22 00:00:00
63,502,0,2021-07-01 00:00:00,2023-10-22 00:00:00
63,503,0,2021-07-01 00:00:00,2023-10-22 00:00:00
63,504,0,2021-07-01 00:00:00,2023-10-22 00:00:00
63,505,0,2021-07-01 00:00:00,2023-10-22 00:00:00
63,506,0,2021-07-01 00:00:00,2023-10-22 00:00:00
64,507,0,2021-07-01 00:00:00,2023-10-22 00:00:00
64,508,0,2021-07-01 00:00:00,2023-10-22 00:00:00
64,509,0,2021-07-01 00:00:00,2023-10-22 00:00:00
64,510,0,2021-07-01 00:00:00,2023-10-22 00:00:00
64,511,0,2021-07-01 00:00:00,2023-10-22 00:00:00
64,512,0,2021-07-01 00:00:00,2023-10-22 00:00:00
65,513,0,2021-08-01 00:00:00,2023-10-22 00:00:00
65,514,0,2021-08-01 00:00:00,2023-10-22 00:00:00
65,515,0,2021-08-01 00:00:00,2023-10-22 00:00:00
65,516,0,2021-08-01 00:00:00,2023-10-22 00:00:00
65,517,0,2021-08-01 00:00:00,2023-10-22 00:00:00
65,518,0,2021-08-01 00:00:00,2023-10-22 00:00:00
65,519,0,2021-08-01 00:00:00,2023-10-22 00:00:00
65,520,0,2021-08-01 00:00:00,2023-10-22 00:00:00
65,521,0,2021-08-01 00:00:00,2023-10-22 00:00:00
65,522,0,2021-08-01 00:00:00,2023-10-22 00:00:00
66,523,0,2021-08-01 00:00:00,2023-10-22 00:00:00
66,524,0,2021-08-01 00:00:00,2023-10-22 00:00:00
66,525,0,2021-08-01 00:00:00,2023-10-22 00:00:00
66,526,0,2021-08-01 00:00:00,2023-10-22 00:00:00
66,527,0,2021-08-01 00:00:00,2023-10-22 00:00:00
66,528,0,2021-08-01 00:00:00,2023-10-22 00:00:00
67,529,0,2021-09-01 00:00:00,2023-10-22 00:00:00
67,530,0,2021-09-01 00:00:00,2023-10-22 00:00:00
67,531,0,2021-09-01 00:00:00,2023-10-22 00:00:00
67,532,0,2021-09-01 00:00:00,2023-10-22 00:00:00
67,533,0,2021-09-01 00:00:00,2023-10-22 00:00:00
67,534,0,2021-09-01 00:00:00,2023-10-22 00:00:00
67,535,0,2021-09-01 00:00:00,2023-10-22 00:00:00
67,536,0,2021-09-01 00:00:00,2023-10-22 00:00:00
67,537,0,2021-09-01 00:00:00,2023-10-22 00:00:00
67,538,0,2021-09-01 00:00:00,2023-10-22 00:00:00
68,539,0,2021-09-01 00:00:00,2023-10-22 00:00:00
68,540,0,2021-09-01 00:00:00,2023-10-22 00:00:00
68,541,0,2021-09-01 00:00:00,2023-10-22 00:00:00
68,542,0,2021-09-01 00:00:00,2023-10-22 00:00:00
68,543,0,2021-09-01 00:00:00,2023-10-22 00:00:00
68,544,0,2021-09-01 00:00:00,2023-10-22 00:00:00
69,545,0,2021-10-01 00:00:00,2023-10-22 00:00:00
69,546,0,2021-10-01 00:00:00,2023-10-22 00:00:00
69,547,0,2021-10-01 00:00:00,2023-10-22 00:00:00
69,548,0,2021-10-01 00:00:00,2023-10-22 00:00:00
69,549,0,2021-10-01 00:00:00,2023-10-22 00:00:00
69,550,0,2021-10-01 00:00:00,2023-10-22 00:00:00
69,551,0,2021-10-01 00:00:00,2023-10-22 00:00:00
69,552,0,2021-10-01 00:00:00,2023-10-22 00:00:00
69,553,0,2021-10-01 00:00:00,2023-10-22 00:00:00
69,554,0,2021-10-01 00:00:00,2023-10-22 00:00:00
70,555,0,2021-10-01 00:00:00,2023-10-22 00:00:00
70,556,0,2021-10-01 00:00:00,2023-10-22 00:00:00
70,557,0,2021-10-01 00:00:00,2023-10-22 00:00:00
70,558,0,2021-10-01 00:00:00,2023-10-22 00:00:00
70,559,0,2021-10-01 00:00:00,2023-10-22 00:00:00
70,560,0,2021-10-01 00:00:00,2023-10-22 00:00:00
71,561,0,2021-11-01 00:00:00,2023-10-22 00:00:00
71,562,0,2021-11-01 00:00:00,2023-10-22 00:00:00
71,563,0,2021-11-01 00:00:00,2023-10-22 00:00:00
71,564,0,2021-11-01 00:00:00,2023-10-22 00:00:00
71,565,0,2021-11-01 00:00:00,2023-10-22 00:00:00
71,566,0,2021-11-01 00:00:00,2023-10-22 00:00:00
71,567,0,2021-11-01 00:00:00,2023-10-22 00:00:00
71,568,0,2021-11-01 00:00:00,2023-10-22 00:00:00
71,569,0,2021-11-01 00:00:00,2023-10-22 00:00:00
71,570,0,2021-11-01 00:00:00,2023-10-22 00:00:00
72,571,0,2021-11-01 00:00:00,2023-10-22 00:00:00
72,572,0,2021-11-01 00:00:00,2023-10-22 00:00:00
72,573,0,2021-11-01 00:00:00,2023-10-22 00:00:00
72,574,0,2021-11-01 00:00:00,2023-10-22 00:00:00
72,575,0,2021-11-01 00:00:00,2023-10-22 00:00:00
72,576,0,2021-11-01 00:00:00,2023-10-22 00:00:00
73,577,0,2021-12-01 00:00:00,2023-10-22 00:00:00
73,578,0,2021-12-01 00:00:00,2023-10-22 00:00:00
73,579,0,2021-12-01 00:00:00,2023-10-22 00:00:00
73,580,0,2021-12-01 00:00:00,2023-10-22 00:00:00
73,581,0,2021-12-01 00:00:00,2023-10-22 00:00:00
73,582,0,2021-12-01 00:00:00,2023-10-22 00:00:00
73,583,0,2021-12-01 00:00:00,2023-10-22 00:00:00
73,584,0,2021-12-01 00:00:00,2023-10-22 00:00:00
73,585,0,2021-12-01 00:00:00,2023-10-22 00:00:00
73,586,0,2021-12-01 00:00:00,2023-10-22 00:00:00
74,587,0,2021-12-01 00:00:00,2023-10-22 00:00:00
74,588,0,2021-12-01 00:00:00,2023-10-22 00:00:00
74,589,0,2021-12-01 00:00:00,2023-10-22 00:00:00
74,590,0,2021-12-01 00:00:00,2023-10-22 00:00:00
74,591,0,2021-12-01 00:00:00,2023-10-22 00:00:00
74,592,0,2021-12-01 00:00:00,2023-10-22 00:00:00
75,593,0,2022-01-01 00:00:00,2023-10-22 00:00:00
75,594,0,2022-01-01 00:00:00,2023-10-22 00:00:00
75,595,0,2022-01-01 00:00:00,2023-10-22 00:00:00
75,596,0,2022-01-01 00:00:00,2023-10-22 00:00:00
75,597,0,2022-01-01 00:00:00,2023-10-22 00:00:00
75,598,0,2022-01-01 00:00:00,2023-10-22 00:00:00
75,599,0,2022-01-01 00:00:00,2023-10-22 00:00:00
75,600,0,2022-01-01 00:00:00,2023-10-22 00:00:00
75,601,0,2022-01-01 00:00:00,2023-10-22 00:00:00
75,602,0,2022-01-01 00:00:00,2023-10-22 00:00:00
76,603,0,2022-01-01 00:00:00,2023-10-22 00:00:00
76,604,0,2022-01-01 00:00:00,2023-10-22 00:00:00
76,605,0,2022-01-01 00:00:00,2023-10-22 00:00:00
76,606,0,2022-01-01 00:00:00,2023-10-22 00:00:00
76,607,0,2022-01-01 00:00:00,2023-10-22 00:00:00
76,608,0,2022-01-01 00:00:00,2023-10-22 00:00:00
77,609,0,2022-02-01 00:00:00,2023-10-22 00:00:00
77,610,0,2022-02-01 00:00:00,2023-10-22 00:00:00
77,611,0,2022-02-01 00:00:00,2023-10-22 00:00:00
77,612,0,2022-02-01 00:00:00,2023-10-22 00:00:00
77,613,0,2022-02-01 00:00:00,2023-10-22 00:00:00
77,614,0,2022-02-01 00:00:00,2023-10-22 00:00:00
77,615,0,2022-02-01 00:00:00,2023-10-22 00:00:00
77,616,0,2022-02-01 00:00:00,2023-10-22 00:00:00
77,617,0,2022-02-01 00:00:00,2023-10-22 00:00:00
77,618,0,2022-02-01 00:00:00,2023-10-22 00:00:00
78,619,0,2022-02-01 00:00:00,2023-10-22 00:00:00
78,620,0,2022-02-01 00:00:00,2023-10-22 00:00:00
78,621,0,2022-02-01 00:00:00,2023-10-22 00:00:00
78,622,0,2022-02-01 00:00:00,2023-10-22 00:00:00
78,623,0,2022-02-01 00:00:00,2023-10-22 00:00:00
78,624,0,2022-02-01 00:00:00,2023-10-22 00:00:00
79,625,0,2022-04-01 00:00:00,2023-10-22 00:00:00
79,626,0,2022-04-01 00:00:00,2023-10-22 00:00:00
79,627,0,2022-04-01 00:00:00,2023-10-22 00:00:00
79,628,0,2022-04-01 00:00:00,2023-10-22 00:00:00
79,629,0,2022-04-01 00:00:00,2023-10-22 00:00:00
79,630,0,2022-04-01 00:00:00,2023-10-22 00:00:00
79,631,0,2022-04-01 00:00:00,2023-10-22 00:00:00
79,632,0,2022-04-01 00:00:00,2023-10-22 00:00:00
79,633,0,2022-04-01 00:00:00,2023-10-22 00:00:00
79,634,0,2022-04-01 00:00:00,2023-10-22 00:00:00
80,635,0,2022-04-01 00:00:00,2023-10-22 00:00:00
80,636,0,2022-04-01 00:00:00,2023-10-22 00:00:00
80,637,0,2022-04-01 00:00:00,2023-10-22 00:00:00
80,638,0,2022-04-01 00:00:00,2023-10-22 00:00:00
80,639,0,2022-04-01 00:00:00,2023-10-22 00:00:00
80,640,0,2022-04-01 00:00:00,2023-10-22 00:00:00
81,641,0,2022-05-01 00:00:00,2023-10-22 00:00:00
81,642,0,2022-05-01 00:00:00,2023-10-22 00:00:00
81,643,0,2022-05-01 00:00:00,2023-10-22 00:00:00
81,644,0,2022-05-01 00:00:00,2023-10-22 00:00:00
81,645,0,2022-05-01 00:00:00,2023-10-22 00:00:00
81,646,0,2022-05-01 00:00:00,2023-10-22 00:00:00
81,647,0,2022-05-01 00:00:00,2023-10-22 00:00:00
81,648,0,2022-05-01 00:00:00,2023-10-22 00:00:00
81,649,0,2022-05-01 00:00:00,2023-10-22 00:00:00
81,650,0,2022-05-01 00:00:00,2023-10-22 00:00:00
82,651,0,2022-05-01 00:00:00,2023-10-22 00:00:00
82,652,0,2022-05-01 00:00:00,2023-10-22 00:00:00
82,653,0,2022-05-01 00:00:00,2023-10-22 00:00:00
82,654,0,2022-05-01 00:00:00,2023-10-22 00:00:00
82,655,0,2022-05-01 00:00:00,2023-10-22 00:00:00
82,656,0,2022-05-01 00:00:00,2023-10-22 00:00:00
83,657,0,2022-06-01 00:00:00,2023-10-22 00:00:00
83,658,0,2022-06-01 00:00:00,2023-10-22 00:00:00
83,659,0,2022-06-01 00:00:00,2023-10-22 00:00:00
83,660,0,2022-06-01 00:00:00,2023-10-22 00:00:00
83,661,0,2022-06-01 00:00:00,2023-10-22 00:00:00
83,662,0,2022-06-01 00:00:00,2023-10-22 00:00:00
83,663,0,2022-06-01 00:00:00,2023-10-22 00:00:00
83,664,0,2022-06-01 00:00:00,2023-10-22 00:00:00
83,665,0,2022-06-01 00:00:00,2023-10-22 00:00:00
83,666,0,2022-06-01 00:00:00,2023-10-22 00:00:00
84,667,0,2022-06-01 00:00:00,2023-10-22 00:00:00
84,668,0,2022-06-01 00:00:00,2023-10-22 00:00:00
84,669,0,2022-06-01 00:00:00,2023-10-22 00:00:00
84,670,0,2022-06-01 00:00:00,2023-10-22 00:00:00
84,671,0,2022-06-01 00:00:00,2023-10-22 00:00:00
84,672,0,2022-06-01 00:00:00,2023-10-22 00:00:00
85,673,0,2022-07-01 00:00:00,2023-10-22 00:00:00
85,674,0,2022-07-01 00:00:00,2023-10-22 00:00:00
85,675,0,2022-07-01 00:00:00,2023-10-22 00:00:00
85,676,0,2022-07-01 00:00:00,2023-10-22 00:00:00
85,677,0,2022-07-01 00:00:00,2023-10-22 00:00:00
85,678,0,2022-07-01 00:00:00,2023-10-22 00:00:00
85,679,0,2022-07-01 00:00:00,2023-10-22 00:00:00
85,680,0,2022-07-01 00:00:00,2023-10-22 00:00:00
85,681,0,2022-07-01 00:00:00,2023-10-22 00:00:00
85,682,0,2022-07-01 00:00:00,2023-10-22 00:00:00
86,683,0,2022-07-01 00:00:00,2023-10-22 00:00:00
86,684,0,2022-07-01 00:00:00,2023-10-22 00:00:00
86,685,0,2022-07-01 00:00:00,2023-10-22 00:00:00
86,686,0,2022-07-01 00:00:00,2023-10-22 00:00:00
86,687,0,2022-07-01 00:00:00,2023-10-22 00:00:00
86,688,0,2022-07-01 00:00:00,2023-10-22 00:00:00
87,689,0,2022-08-01 00:00:00,2023-10-22 00:00:00
87,690,0,2022-08-01 00:00:00,2023-10-22 00:00:00
87,691,0,2022-08-01 00:00:00,2023-10-22 00:00:00
87,692,0,2022-08-01 00:00:00,2023-10-22 00:00:00
87,693,0,2022-08-01 00:00:00,2023-10-22 00:00:00
87,694,0,2022-08-01 00:00:00,2023-10-22 00:00:00
87,695,0,2022-08-01 00:00:00,2023-10-22 00:00:00
87,696,0,2022-08-01 00:00:00,2023-10-22 00:00:00
87,697,0,2022-08-01 00:00:00,2023-10-22 00:00:00
87,698,0,2022-08-01 00:00:00,2023-10-22 00:00:00
88,699,0,2022-08-01 00:00:00,2023-10-22 00:00:00
88,700,0,2022-08-01 00:00:00,2023-10-22 00:00:00
88,701,0,2022-08-01 00:00:00,2023-10-22 00:00:00
88,702,0,2022-08-01 00:00:00,2023-10-22 00:00:00
88,703,0,2022-08-01 00:00:00,2023-10-22 00:00:00
88,704,0,2022-08-01 00:00:00,2023-10-22 00:00:00
89,705,0,2022-09-01 00:00:00,2023-10-22 00:00:00
89,706,0,2022-09-01 00:00:00,2023-10-22 00:00:00
89,707,0,2022-09-01 00:00:00,2023-10-22 00:00:00
89,708,0,2022-09-01 00:00:00,2023-10-22 00:00:00
89,709,0,2022-09-01 00:00:00,2023-10-22 00:00:00
89,710,0,2022-09-01 00:00:00,2023-10-22 00:00:00
89,711,0,2022-09-01 00:00:00,2023-10-22 00:00:00
89,712,0,2022-09-01 00:00:00,2023-10-22 00:00:00
89,713,0,2022-09-01 00:00:00,2023-10-22 00:00:00
89,714,0,2022-09-01 00:00:00,2023-10-22 00:00:00
90,715,0,2022-09-01 00:00:00,2023-10-22 00:00:00
90,716,0,2022-09-01 00:00:00,2023-10-22 00:00:00
90,717,0,2022-09-01 00:00:00,2023-10-22 00:00:00
90,718,0,2022-09-01 00:00:00,2023-10-22 00:00:00
90,719,0,2022-09-01 00:00:00,2023-10-22 00:00:00
90,720,0,2022-09-01 00:00:00,2023-10-22 00:00:00
91,721,0,2022-10-01 00:00:00,2023-10-22 00:00:00
91,722,0,2022-10-01 00:00:00,2023-10-22 00:00:00
91,723,0,2022-10-01 00:00:00,2023-10-22 00:00:00
91,724,0,2022-10-01 00:00:00,2023-10-22 00:00:00
91,725,0,2022-10-01 00:00:00,2023-10-22 00:00:00
91,726,0,2022-10-01 00:00:00,2023-10-22 00:00:00
91,727,0,2022-10-01 00:00:00,2023-10-22 00:00:00
91,728,0,2022-10-01 00:00:00,2023-10-22 00:00:00
91,729,0,2022-10-01 00:00:00,2023-10-22 00:00:00
91,730,0,2022-10-01 00:00:00,2023-10-22 00:00:00
92,731,0,2022-10-01 00:00:00,2023-10-22 00:00:00
92,732,0,2022-10-01 00:00:00,2023-10-22 00:00:00
92,733,0,2022-10-01 00:00:00,2023-10-22 00:00:00
92,734,0,2022-10-01 00:00:00,2023-10-22 00:00:00
92,735,0,2022-10-01 00:00:00,2023-10-22 00:00:00
92,736,0,2022-10-01 00:00:00,2023-10-22 00:00:00
93,737,0,2022-11-01 00:00:00,2023-10-22 00:00:00
93,738,0,2022-11-01 00:00:00,2023-10-22 00:00:00
93,739,0,2022-11-01 00:00:00,2023-10-22 00:00:00
93,740,0,2022-11-01 00:00:00,2023-10-22 00:00:00
93,741,0,2022-11-01 00:00:00,2023-10-22 00:00:00
93,742,0,2022-11-01 00:00:00,2023-10-22 00:00:00
93,743,0,2022-11-01 00:00:00,2023-10-22 00:00:00
93,744,0,2022-11-01 00:00:00,2023-10-22 00:00:00
93,745,0,2022-11-01 00:00:00,2023-10-22 00:00:00
93,746,0,2022-11-01 00:00:00,2023-10-22 00:00:00
94,747,0,2022-11-01 00:00:00,2023-10-22 00:00:00
94,748,0,2022-11-01 00:00:00,2023-10-22 00:00:00
94,749,0,2022-11-01 00:00:00,2023-10-22 00:00:00
94,750,0,2022-11-01 00:00:00,2023-10-22 00:00:00
94,751,0,2022-11-01 00:00:00,2023-10-22 00:00:00
94,752,0,2022-11-01 00:00:00,2023-10-22 00:00:00
95,753,0,2022-12-01 00:00:00,2023-10-22 00:00:00
95,754,0,2022-12-01 00:00:00,2023-10-22 00:00:00
95,755,0,2022-12-01 00:00:00,2023-10-22 00:00:00
95,756,0,2022-12-01 00:00:00,2023-10-22 00:00:00
95,757,0,2022-12-01 00:00:00,2023-10-22 00:00:00
95,758,0,2022-12-01 00:00:00,2023-10-22 00:00:00
95,759,0,2022-12-01 00:00:00,2023-10-22 00:00:00
95,760,0,2022-12-01 00:00:00,2023-10-22 00:00:00
95,761,0,2022-12-01 00:00:00,2023-10-22 00:00:00
95,762,0,2022-12-01 00:00:00,2023-10-22 00:00:00
96,763,0,2022-12-01 00:00:00,2023-10-22 00:00:00
96,764,0,2022-12-01 00:00:00,2023-10-22 00:00:00
96,765,0,2022-12-01 00:00:00,2023-10-22 00:00:00
96,766,0,2022-12-01 00:00:00,2023-10-22 00:00:00
96,767,0,2022-12-01 00:00:00,2023-10-22 00:00:00
96,768,0,2022-12-01 00:00:00,2023-10-22 00:00:00
97,769,0,2023-01-01 00:00:00,2023-10-22 00:00:00
97,770,0,2023-01-01 00:00:00,2023-10-22 00:00:00
97,771,0,2023-01-01 00:00:00,2023-10-22 00:00:00
97,772,0,2023-01-01 00:00:00,2023-10-22 00:00:00
97,773,0,2023-01-01 00:00:00,2023-10-22 00:00:00
97,774,0,2023-01-01 00:00:00,2023-10-22 00:00:00
97,775,0,2023-01-01 00:00:00,2023-10-22 00:00:00
97,776,0,2023-01-01 00:00:00,2023-10-22 00:00:00
97,777,0,2023-01-01 00:00:00,2023-10-22 00:00:00
97,778,0,2023-01-01 00:00:00,2023-10-22 00:00:00
98,779,0,2023-01-01 00:00:00,2023-10-22 00:00:00
98,780,0,2023-01-01 00:00:00,2023-10-22 00:00:00
98,781,0,2023-01-01 00:00:00,2023-10-22 00:00:00
98,782,0,2023-01-01 00:00:00,2023-10-22 00:00:00
98,783,0,2023-01-01 00:00:00,2023-10-22 00:00:00
98,784,0,2023-01-01 00:00:00,2023-10-22 00:00:00
99,785,0,2023-02-01 00:00:00,2023-10-22 00:00:00
99,786,0,2023-02-01 00:00:00,2023-10-22 00:00:00
99,787,0,2023-02-01 00:00:00,2023-10-22 00:00:00
99,788,0,2023-02-01 00:00:00,2023-10-22 00:00:00
99,789,0,2023-02-01 00:00:00,2023-10-22 00:00:00
99,790,0,2023-02-01 00:00:00,2023-10-22 00:00:00
99,791,0,2023-02-01 00:00:00,2023-10-22 00:00:00
99,792,0,2023-02-01 00:00:00,2023-10-22 00:00:00
99,793,0,2023-02-01 00:00:00,2023-10-22 00:00:00
99,794,0,2023-02-01 00:00:00,2023-10-22 00:00:00
100,795,0,2023-02-01 00:00:00,2023-10-22 00:00:00
100,796,0,2023-02-01 00:00:00,2023-10-22 00:00:00
100,797,0,2023-02-01 00:00:00,2023-10-22 00:00:00
100,798,0,2023-02-01 00:00:00,2023-10-22 00:00:00
100,799,0,2023-02-01 00:00:00,2023-10-22 00:00:00
100,800,0,2023-02-01 00:00:00,2023-10-22 00:00:00
101,801,0,2023-04-01 00:00:00,2023-10-22 00:00:00
101,802,0,2023-04-01 00:00:00,2023-10-22 00:00:00
101,803,0,2023-04-01 00:00:00,2023-10-22 00:00:00
101,804,0,2023-04-01 00:00:00,2023-10-22 00:00:00
101,805,0,2023-04-01 00:00:00,2023-10-22 00:00:00
101,806,0,2023-04-01 00:00:00,2023-10-22 00:00:00
101,807,0,2023-04-01 00:00:00,2023-10-22 00:00:00
101,808,0,2023-04-01 00:00:00,2023-10-22 00:00:00
101,809,0,2023-04-01 00:00:00,2023-10-22 00:00:00
101,810,0,2023-04-01 00:00:00,2023-10-22 00:00:00
102,811,0,2023-04-01 00:00:00,2023-10-22 00:00:00
102,812,0,2023-04-01 00:00:00,2023-10-22 00:00:00
102,813,0,2023-04-01 00:00:00,2023-10-22 00:00:00
102,814,0,2023-04-01 00:00:00,2023-10-22 00:00:00
102,815,0,2023-04-01 00:00:00,2023-10-22 00:00:00
102,816,0,2023-04-01 00:00:00,2023-10-22 00:00:00
103,817,0,2023-05-01 00:00:00,2023-10-22 00:00:00
103,818,0,2023-05-01 00:00:00,2023-10-22 00:00:00
103,819,0,2023-05-01 00:00:00,2023-10-22 00:00:00
103,820,0,2023-05-01 00:00:00,2023-10-22 00:00:00
103,821,0,2023-05-01 00:00:00,2023-10-22 00:00:00
103,822,0,2023-05-01 00:00:00,2023-10-22 00:00:00
103,823,0,2023-05-01 00:00:00,2023-10-22 00:00:00
103,824,0,2023-05-01 00:00:00,2023-10-22 00:00:00
103,825,0,2023-05-01 00:00:00,2023-10-22 00:00:00
103,826,0,2023-05-01 00:00:00,2023-10-22 00:00:00
104,827,0,2023-05-01 00:00:00,2023-10-22 00:00:00
104,828,0,2023-05-01 00:00:00,2023-10-22 00:00:00
104,829,0,2023-05-01 00:00:00,2023-10-22 00:00:00
104,830,0,2023-05-01 00:00:00,2023-10-22 00:00:00
104,831,0,2023-05-01 00:00:00,2023-10-22 00:00:00
104,832,0,2023-05-01 00:00:00,2023-10-22 00:00:00
105,833,0,2023-06-01 00:00:00,2023-10-22 00:00:00
105,834,0,2023-06-01 00:00:00,2023-10-22 00:00:00
105,835,0,2023-06-01 00:00:00,2023-10-22 00:00:00
105,836,0,2023-06-01 00:00:00,2023-10-22 00:00:00
105,837,0,2023-06-01 00:00:00,2023-10-22 00:00:00
105,838,0,2023-06-01 00:00:00,2023-10-22 00:00:00
105,839,0,2023-06-01 00:00:00,2023-10-22 00:00:00
105,840,0,2023-06-01 00:00:00,2023-10-22 00:00:00
105,841,0,2023-06-01 00:00:00,2023-10-22 00:00:00
105,842,0,2023-06-01 00:00:00,2023-10-22 00:00:00
106,843,0,2023-06-01 00:00:00,2023-10-22 00:00:00
106,844,0,2023-06-01 00:00:00,2023-10-22 00:00:00
106,845,0,2023-06-01 00:00:00,2023-10-22 00:00:00
106,846,0,2023-06-01 00:00:00,2023-10-22 00:00:00
106,847,0,2023-06-01 00:00:00,2023-10-22 00:00:00
106,848,0,2023-06-01 00:00:00,2023-10-22 00:00:00
107,849,0,2023-07-01 00:00:00,2023-10-22 00:00:00
107,850,0,2023-07-01 00:00:00,2023-10-22 00:00:00
107,851,0,2023-07-01 00:00:00,2023-10-22 00:00:00
107,852,0,2023-07-01 00:00:00,2023-10-22 00:00:00
107,853,0,2023-07-01 00:00:00,2023-10-22 00:00:00
107,854,0,2023-07-01 00:00:00,2023-10-22 00:00:00
107,855,0,2023-07-01 00:00:00,2023-10-22 00:00:00
107,856,0,2023-07-01 00:00:00,2023-10-22 00:00:00
107,857,0,2023-07-01 00:00:00,2023-10-22 00:00:00
107,858,0,2023-07-01 00:00:00,2023-10-22 00:00:00
108,859,0,2023-07-01 00:00:00,2023-10-22 00:00:00
108,860,0,2023-07-01 00:00:00,2023-10-22 00:00:00
108,861,0,2023-07-01 00:00:00,2023-10-22 00:00:00
108,862,0,2023-07-01 00:00:00,2023-10-22 00:00:00
108,863,0,2023-07-01 00:00:00,2023-10-22 00:00:00
108,864,0,2023-07-01 00:00:00,2023-10-22 00:00:00
109,865,0,2023-08-01 00:00:00,2023-10-22 00:00:00
109,866,0,2023-08-01 00:00:00,2023-10-22 00:00:00
109,867,0,2023-08-01 00:00:00,2023-10-22 00:00:00
109,868,0,2023-08-01 00:00:00,2023-10-22 00:00:00
109,869,0,2023-08-01 00:00:00,2023-10-22 00:00:00
109,870,0,2023-08-01 00:00:00,2023-10-22 00:00:00
109,871,0,2023-08-01 00:00:00,2023-10-22 00:00:00
109,872,0,2023-08-01 00:00:00,2023-10-22 00:00:00
109,873,0,2023-08-01 00:00:00,2023-10-22 00:00:00
109,874,0,2023-08-01 00:00:00,2023-10-22 00:00:00
110,875,0,2023-08-01 00:00:00,2023-10-22 00:00:00
110,876,0,2023-08-01 00:00:00,2023-10-22 00:00:00
110,877,0,2023-08-01 00:00:00,2023-10-22 00:00:00
110,878,0,2023-08-01 00:00:00,2023-10-22 00:00:00
110,879,0,2023-08-01 00:00:00,2023-10-22 00:00:00
110,880,0,2023-08-01 00:00:00,2023-10-22 00:00:00
111,881,1,2023-09-01 00:00:00,
111,882,1,2023-09-01 00:00:00,
111,883,1,2023-09-01 00:00:00,
111,884,0,2023-09-01 00:00:00,2023-10-22 00:00:00
111,885,1,2023-09-01 00:00:00,
111,886,1,2023-09-01 00:00:00,
111,887,1,2023-09-01 00:00:00,
111,888,1,2023-09-01 00:00:00,
111,889,1,2023-09-01 00:00:00,
111,890,1,2023-09-01 00:00:00,
112,891,1,2023-09-01 00:00:00,
112,892,0,2023-09-01 00:00:00,2023-10-22 00:00:00
112,893,1,2023-09-01 00:00:00,
112,894,1,2023-09-01 00:00:00,
112,895,1,2023-09-01 00:00:00,
112,896,0,2023-09-01 00:00:00,2023-10-22 00:00:00
113,897,1,2023-10-01 00:00:00,
113,898,1,2023-10-01 00:00:00,
113,899,1,2023-10-01 00:00:00,
113,900,1,2023-10-01 00:00:00,
113,901,1,2023-10-01 00:00:00,
113,902,1,2023-10-01 00:00:00,
113,903,1,2023-10-01 00:00:00,
113,904,1,2023-10-01 00:00:00,
113,905,1,2023-10-01 00:00:00,
113,906,1,2023-10-01 00:00:00,
114,907,1,2023-10-01 00:00:00,
114,908,1,2023-10-01 00:00:00,
114,909,1,2023-10-01 00:00:00,
114,910,1,2023-10-01 00:00:00,
114,911,1,2023-10-01 00:00:00,
114,912,1,2023-10-01 00:00:00,
