id_terapia,data_rozpoczecia,id_grupa,dlugosc_zajec,czestotliwosc
1,2018-10-01 00:00:00,1,90,6
2,2018-10-01 00:00:00,2,30,2
3,2018-10-08 00:00:00,1,30,3
4,2018-10-08 00:00:00,2,30,1
5,2018-10-15 00:00:00,1,60,4
6,2018-10-15 00:00:00,2,45,1
7,2018-10-22 00:00:00,1,45,4
8,2018-10-22 00:00:00,2,90,5
9,2018-11-01 00:00:00,1,45,1
10,2018-11-01 00:00:00,2,90,5
11,2018-11-01 00:00:00,3,60,7
12,2018-11-01 00:00:00,4,45,6
13,2018-11-08 00:00:00,1,60,5
14,2018-11-08 00:00:00,2,60,1
15,2018-11-08 00:00:00,3,45,5
16,2018-11-08 00:00:00,4,60,2
17,2018-11-15 00:00:00,1,60,6
18,2018-11-15 00:00:00,2,60,7
19,2018-11-15 00:00:00,3,90,4
20,2018-11-15 00:00:00,4,90,4
21,2018-11-22 00:00:00,1,30,5
22,2018-11-22 00:00:00,2,90,7
23,2018-11-22 00:00:00,3,30,2
24,2018-11-22 00:00:00,4,30,2
25,2018-12-01 00:00:00,1,90,3
26,2018-12-01 00:00:00,2,90,2
27,2018-12-01 00:00:00,3,45,4
28,2018-12-01 00:00:00,4,45,3
29,2018-12-01 00:00:00,5,45,3
30,2018-12-01 00:00:00,6,90,2
31,2018-12-08 00:00:00,1,90,6
32,2018-12-08 00:00:00,2,45,3
33,2018-12-08 00:00:00,3,90,6
34,2018-12-08 00:00:00,4,45,5
35,2018-12-08 00:00:00,5,45,2
36,2018-12-08 00:00:00,6,60,5
37,2018-12-15 00:00:00,1,60,4
38,2018-12-15 00:00:00,2,45,1
39,2018-12-15 00:00:00,3,60,1
40,2018-12-15 00:00:00,4,30,4
41,2018-12-15 00:00:00,5,90,1
42,2018-12-15 00:00:00,6,90,4
43,2018-12-22 00:00:00,1,30,6
44,2018-12-22 00:00:00,3,30,7
45,2018-12-22 00:00:00,4,45,5
46,2018-12-22 00:00:00,5,60,1
47,2018-12-22 00:00:00,6,60,5
48,2019-01-01 00:00:00,1,45,5
49,2019-01-01 00:00:00,3,60,5
50,2019-01-01 00:00:00,4,90,2
51,2019-01-01 00:00:00,5,30,6
52,2019-01-01 00:00:00,6,90,5
53,2019-01-01 00:00:00,7,60,5
54,2019-01-01 00:00:00,8,45,7
55,2019-01-08 00:00:00,1,90,7
56,2019-01-08 00:00:00,3,60,7
57,2019-01-08 00:00:00,4,45,7
58,2019-01-08 00:00:00,5,30,6
59,2019-01-08 00:00:00,6,90,6
60,2019-01-08 00:00:00,7,60,3
61,2019-01-08 00:00:00,8,30,7
62,2019-01-15 00:00:00,3,45,4
63,2019-01-15 00:00:00,4,30,2
64,2019-01-15 00:00:00,5,45,4
65,2019-01-15 00:00:00,6,30,7
66,2019-01-15 00:00:00,7,60,4
67,2019-01-15 00:00:00,8,30,6
68,2019-01-22 00:00:00,3,90,3
69,2019-01-22 00:00:00,4,30,5
70,2019-01-22 00:00:00,5,30,4
71,2019-01-22 00:00:00,6,90,3
72,2019-01-22 00:00:00,7,45,2
73,2019-01-22 00:00:00,8,90,6
74,2019-02-01 00:00:00,3,60,2
75,2019-02-01 00:00:00,5,60,1
76,2019-02-01 00:00:00,6,90,4
77,2019-02-01 00:00:00,7,45,2
78,2019-02-01 00:00:00,8,60,6
79,2019-02-01 00:00:00,9,45,4
80,2019-02-01 00:00:00,10,60,1
81,2019-02-08 00:00:00,3,30,7
82,2019-02-08 00:00:00,5,45,4
83,2019-02-08 00:00:00,6,30,2
84,2019-02-08 00:00:00,7,60,3
85,2019-02-08 00:00:00,8,45,3
86,2019-02-08 00:00:00,9,90,6
87,2019-02-08 00:00:00,10,45,4
88,2019-02-15 00:00:00,3,30,4
89,2019-02-15 00:00:00,5,60,7
90,2019-02-15 00:00:00,6,45,2
91,2019-02-15 00:00:00,7,60,1
92,2019-02-15 00:00:00,8,60,2
93,2019-02-15 00:00:00,9,45,1
94,2019-02-15 00:00:00,10,60,3
95,2019-02-22 00:00:00,6,45,5
96,2019-02-22 00:00:00,7,90,7
97,2019-02-22 00:00:00,8,90,4
98,2019-02-22 00:00:00,9,60,6
99,2019-02-22 00:00:00,10,45,5
100,2019-04-01 00:00:00,8,90,7
101,2019-04-01 00:00:00,9,30,4
102,2019-04-01 00:00:00,10,30,5
103,2019-04-01 00:00:00,11,90,3
104,2019-04-01 00:00:00,12,45,2
105,2019-04-08 00:00:00,9,30,2
106,2019-04-08 00:00:00,10,45,7
107,2019-04-08 00:00:00,11,60,3
108,2019-04-08 00:00:00,12,60,6
109,2019-04-15 00:00:00,10,45,1
110,2019-04-15 00:00:00,11,90,5
111,2019-04-15 00:00:00,12,30,3
112,2019-04-22 00:00:00,10,90,2
113,2019-04-22 00:00:00,11,60,2
114,2019-04-22 00:00:00,12,30,1
115,2019-05-01 00:00:00,10,30,7
116,2019-05-01 00:00:00,11,60,4
117,2019-05-01 00:00:00,12,60,2
118,2019-05-01 00:00:00,13,45,4
119,2019-05-01 00:00:00,14,90,6
120,2019-05-08 00:00:00,10,45,7
121,2019-05-08 00:00:00,11,90,1
122,2019-05-08 00:00:00,12,45,7
123,2019-05-08 00:00:00,13,30,5
124,2019-05-08 00:00:00,14,60,2
125,2019-05-15 00:00:00,11,60,3
126,2019-05-15 00:00:00,12,90,1
127,2019-05-15 00:00:00,13,90,6
128,2019-05-15 00:00:00,14,45,6
129,2019-05-22 00:00:00,11,30,1
130,2019-05-22 00:00:00,12,45,3
131,2019-05-22 00:00:00,13,60,3
132,2019-05-22 00:00:00,14,90,7
133,2019-06-01 00:00:00,11,60,6
134,2019-06-01 00:00:00,12,90,6
135,2019-06-01 00:00:00,13,45,3
136,2019-06-01 00:00:00,14,45,6
137,2019-06-01 00:00:00,15,45,1
138,2019-06-01 00:00:00,16,60,4
139,2019-06-08 00:00:00,11,30,1
140,2019-06-08 00:00:00,12,90,2
141,2019-06-08 00:00:00,13,45,3
142,2019-06-08 00:00:00,14,60,1
143,2019-06-08 00:00:00,15,45,3
144,2019-06-08 00:00:00,16,90,7
145,2019-06-15 00:00:00,11,30,1
146,2019-06-15 00:00:00,12,30,5
147,2019-06-15 00:00:00,13,30,1
148,2019-06-15 00:00:00,14,45,2
149,2019-06-15 00:00:00,15,90,5
150,2019-06-15 00:00:00,16,90,4
151,2019-06-22 00:00:00,13,30,3
152,2019-06-22 00:00:00,14,60,1
153,2019-06-22 00:00:00,15,60,1
154,2019-06-22 00:00:00,16,45,1
155,2019-07-01 00:00:00,13,45,4
156,2019-07-01 00:00:00,14,30,4
157,2019-07-01 00:00:00,15,30,2
158,2019-07-01 00:00:00,16,45,3
159,2019-07-01 00:00:00,17,60,2
160,2019-07-01 00:00:00,18,60,1
161,2019-07-08 00:00:00,13,45,6
162,2019-07-08 00:00:00,14,45,6
163,2019-07-08 00:00:00,15,30,1
164,2019-07-08 00:00:00,16,60,1
165,2019-07-08 00:00:00,17,45,3
166,2019-07-08 00:00:00,18,30,6
167,2019-07-15 00:00:00,13,30,3
168,2019-07-15 00:00:00,15,90,2
169,2019-07-15 00:00:00,16,45,1
170,2019-07-15 00:00:00,17,45,5
171,2019-07-15 00:00:00,18,90,6
172,2019-07-22 00:00:00,13,90,2
173,2019-07-22 00:00:00,15,30,6
174,2019-07-22 00:00:00,16,45,6
175,2019-07-22 00:00:00,17,90,7
176,2019-07-22 00:00:00,18,45,3
177,2019-08-01 00:00:00,15,30,2
178,2019-08-01 00:00:00,16,45,6
179,2019-08-01 00:00:00,17,30,4
180,2019-08-01 00:00:00,18,45,4
181,2019-08-01 00:00:00,19,45,5
182,2019-08-01 00:00:00,20,30,1
183,2019-08-08 00:00:00,15,30,5
184,2019-08-08 00:00:00,16,90,7
185,2019-08-08 00:00:00,17,45,6
186,2019-08-08 00:00:00,18,90,5
187,2019-08-08 00:00:00,19,90,5
188,2019-08-08 00:00:00,20,30,7
189,2019-08-15 00:00:00,16,60,4
190,2019-08-15 00:00:00,17,90,4
191,2019-08-15 00:00:00,18,90,1
192,2019-08-15 00:00:00,19,60,3
193,2019-08-15 00:00:00,20,30,7
194,2019-08-22 00:00:00,16,90,7
195,2019-08-22 00:00:00,17,45,7
196,2019-08-22 00:00:00,18,45,6
197,2019-08-22 00:00:00,19,60,7
198,2019-08-22 00:00:00,20,60,3
199,2019-09-01 00:00:00,17,30,5
200,2019-09-01 00:00:00,18,30,5
201,2019-09-01 00:00:00,19,45,7
202,2019-09-01 00:00:00,20,90,1
203,2019-09-01 00:00:00,21,45,4
204,2019-09-01 00:00:00,22,60,1
205,2019-09-08 00:00:00,17,90,5
206,2019-09-08 00:00:00,18,30,4
207,2019-09-08 00:00:00,19,90,4
208,2019-09-08 00:00:00,20,30,2
209,2019-09-08 00:00:00,21,90,1
210,2019-09-08 00:00:00,22,60,1
211,2019-09-15 00:00:00,17,30,4
212,2019-09-15 00:00:00,18,30,3
213,2019-09-15 00:00:00,19,45,4
214,2019-09-15 00:00:00,20,30,4
215,2019-09-15 00:00:00,21,90,6
216,2019-09-15 00:00:00,22,30,4
217,2019-09-22 00:00:00,17,30,2
218,2019-09-22 00:00:00,19,60,7
219,2019-09-22 00:00:00,20,30,7
220,2019-09-22 00:00:00,21,45,6
221,2019-09-22 00:00:00,22,60,2
222,2019-10-01 00:00:00,17,90,3
223,2019-10-01 00:00:00,19,60,1
224,2019-10-01 00:00:00,20,60,2
225,2019-10-01 00:00:00,21,45,1
226,2019-10-01 00:00:00,22,90,2
227,2019-10-01 00:00:00,23,45,7
228,2019-10-01 00:00:00,24,30,3
229,2019-10-08 00:00:00,19,30,6
230,2019-10-08 00:00:00,20,45,4
231,2019-10-08 00:00:00,21,60,2
232,2019-10-08 00:00:00,22,60,7
233,2019-10-08 00:00:00,23,45,6
234,2019-10-08 00:00:00,24,60,4
235,2019-10-15 00:00:00,19,30,3
236,2019-10-15 00:00:00,21,90,7
237,2019-10-15 00:00:00,22,60,7
238,2019-10-15 00:00:00,23,90,2
239,2019-10-15 00:00:00,24,30,6
240,2019-10-22 00:00:00,19,30,2
241,2019-10-22 00:00:00,21,30,6
242,2019-10-22 00:00:00,22,60,4
243,2019-10-22 00:00:00,23,90,1
244,2019-10-22 00:00:00,24,60,7
245,2019-11-01 00:00:00,19,45,6
246,2019-11-01 00:00:00,21,30,4
247,2019-11-01 00:00:00,22,30,5
248,2019-11-01 00:00:00,23,30,4
249,2019-11-01 00:00:00,24,60,6
250,2019-11-01 00:00:00,25,45,6
251,2019-11-01 00:00:00,26,90,2
252,2019-11-08 00:00:00,21,90,6
253,2019-11-08 00:00:00,22,45,1
254,2019-11-08 00:00:00,23,90,3
255,2019-11-08 00:00:00,24,45,3
256,2019-11-08 00:00:00,25,60,2
257,2019-11-08 00:00:00,26,60,1
258,2019-11-15 00:00:00,21,45,5
259,2019-11-15 00:00:00,22,30,2
260,2019-11-15 00:00:00,23,30,4
261,2019-11-15 00:00:00,24,45,2
262,2019-11-15 00:00:00,25,60,3
263,2019-11-15 00:00:00,26,30,2
264,2019-11-22 00:00:00,23,90,1
265,2019-11-22 00:00:00,24,90,1
266,2019-11-22 00:00:00,25,60,3
267,2019-11-22 00:00:00,26,60,4
268,2019-12-01 00:00:00,23,60,5
269,2019-12-01 00:00:00,24,30,4
270,2019-12-01 00:00:00,25,30,7
271,2019-12-01 00:00:00,26,60,1
272,2019-12-01 00:00:00,27,60,4
273,2019-12-01 00:00:00,28,90,4
274,2019-12-08 00:00:00,23,90,5
275,2019-12-08 00:00:00,24,60,2
276,2019-12-08 00:00:00,25,45,7
277,2019-12-08 00:00:00,26,45,6
278,2019-12-08 00:00:00,27,30,5
279,2019-12-08 00:00:00,28,60,5
280,2019-12-15 00:00:00,23,90,6
281,2019-12-15 00:00:00,24,90,2
282,2019-12-15 00:00:00,25,60,4
283,2019-12-15 00:00:00,26,45,7
284,2019-12-15 00:00:00,27,90,4
285,2019-12-15 00:00:00,28,45,1
286,2019-12-22 00:00:00,24,60,3
287,2019-12-22 00:00:00,25,60,2
288,2019-12-22 00:00:00,26,30,1
289,2019-12-22 00:00:00,27,30,7
290,2019-12-22 00:00:00,28,30,3
291,2020-01-01 00:00:00,25,90,4
292,2020-01-01 00:00:00,26,30,4
293,2020-01-01 00:00:00,27,60,6
294,2020-01-01 00:00:00,28,45,6
295,2020-01-01 00:00:00,29,60,6
296,2020-01-01 00:00:00,30,30,2
297,2020-01-08 00:00:00,25,45,2
298,2020-01-08 00:00:00,26,45,6
299,2020-01-08 00:00:00,27,30,3
300,2020-01-08 00:00:00,28,45,2
301,2020-01-08 00:00:00,29,60,6
302,2020-01-08 00:00:00,30,45,6
303,2020-01-15 00:00:00,25,90,7
304,2020-01-15 00:00:00,26,45,3
305,2020-01-15 00:00:00,27,90,6
306,2020-01-15 00:00:00,28,90,1
307,2020-01-15 00:00:00,29,30,6
308,2020-01-15 00:00:00,30,45,4
309,2020-01-22 00:00:00,25,45,7
310,2020-01-22 00:00:00,27,45,4
311,2020-01-22 00:00:00,28,60,2
312,2020-01-22 00:00:00,29,60,7
313,2020-01-22 00:00:00,30,60,5
314,2020-02-01 00:00:00,25,90,4
315,2020-02-01 00:00:00,27,90,1
316,2020-02-01 00:00:00,28,45,6
317,2020-02-01 00:00:00,29,90,6
318,2020-02-01 00:00:00,30,90,4
319,2020-02-01 00:00:00,31,60,6
320,2020-02-01 00:00:00,32,30,6
321,2020-02-08 00:00:00,25,45,5
322,2020-02-08 00:00:00,27,90,6
323,2020-02-08 00:00:00,28,90,3
324,2020-02-08 00:00:00,29,90,7
325,2020-02-08 00:00:00,30,60,1
326,2020-02-08 00:00:00,31,90,6
327,2020-02-08 00:00:00,32,60,7
328,2020-02-15 00:00:00,28,30,5
329,2020-02-15 00:00:00,29,60,1
330,2020-02-15 00:00:00,30,90,2
331,2020-02-15 00:00:00,31,60,5
332,2020-02-15 00:00:00,32,60,1
333,2020-02-22 00:00:00,29,45,4
334,2020-02-22 00:00:00,30,30,1
335,2020-02-22 00:00:00,31,60,6
336,2020-02-22 00:00:00,32,90,1
337,2020-03-01 00:00:00,29,45,4
338,2020-03-01 00:00:00,30,30,5
339,2020-03-01 00:00:00,31,45,4
340,2020-03-01 00:00:00,32,45,3
341,2020-03-01 00:00:00,33,30,4
342,2020-03-01 00:00:00,34,90,7
343,2020-03-08 00:00:00,29,60,4
344,2020-03-08 00:00:00,30,45,2
345,2020-03-08 00:00:00,31,90,7
346,2020-03-08 00:00:00,32,30,4
347,2020-03-08 00:00:00,33,60,3
348,2020-03-08 00:00:00,34,30,5
349,2020-03-15 00:00:00,29,60,1
350,2020-03-15 00:00:00,30,45,7
351,2020-03-15 00:00:00,31,30,4
352,2020-03-15 00:00:00,32,45,6
353,2020-03-15 00:00:00,33,60,1
354,2020-03-15 00:00:00,34,90,2
355,2020-03-22 00:00:00,29,90,7
356,2020-03-22 00:00:00,30,90,5
357,2020-03-22 00:00:00,31,30,7
358,2020-03-22 00:00:00,32,45,6
359,2020-03-22 00:00:00,33,60,1
360,2020-03-22 00:00:00,34,90,2
361,2020-04-01 00:00:00,29,30,2
362,2020-04-01 00:00:00,31,90,5
363,2020-04-01 00:00:00,32,90,7
364,2020-04-01 00:00:00,33,45,4
365,2020-04-01 00:00:00,34,45,6
366,2020-04-01 00:00:00,35,45,4
367,2020-04-01 00:00:00,36,45,6
368,2020-04-08 00:00:00,31,30,3
369,2020-04-08 00:00:00,32,45,1
370,2020-04-08 00:00:00,33,30,2
371,2020-04-08 00:00:00,34,30,2
372,2020-04-08 00:00:00,35,45,4
373,2020-04-08 00:00:00,36,45,7
374,2020-04-15 00:00:00,32,90,5
375,2020-04-15 00:00:00,33,30,1
376,2020-04-15 00:00:00,34,30,3
377,2020-04-15 00:00:00,35,45,1
378,2020-04-15 00:00:00,36,30,4
379,2020-04-22 00:00:00,33,90,6
380,2020-04-22 00:00:00,34,45,7
381,2020-04-22 00:00:00,35,90,4
382,2020-04-22 00:00:00,36,90,1
383,2020-05-01 00:00:00,33,30,5
384,2020-05-01 00:00:00,34,45,4
385,2020-05-01 00:00:00,35,60,6
386,2020-05-01 00:00:00,36,90,6
387,2020-05-01 00:00:00,37,60,4
388,2020-05-01 00:00:00,38,60,6
389,2020-05-08 00:00:00,33,60,4
390,2020-05-08 00:00:00,34,30,6
391,2020-05-08 00:00:00,35,30,3
392,2020-05-08 00:00:00,36,45,2
393,2020-05-08 00:00:00,37,30,7
394,2020-05-08 00:00:00,38,90,2
395,2020-05-15 00:00:00,35,60,7
396,2020-05-15 00:00:00,36,60,5
397,2020-05-15 00:00:00,37,90,5
398,2020-05-15 00:00:00,38,90,4
399,2020-05-22 00:00:00,35,90,1
400,2020-05-22 00:00:00,36,90,3
401,2020-05-22 00:00:00,37,30,5
402,2020-05-22 00:00:00,38,90,3
403,2020-06-01 00:00:00,35,30,1
404,2020-06-01 00:00:00,36,90,2
405,2020-06-01 00:00:00,37,45,2
406,2020-06-01 00:00:00,38,45,5
407,2020-06-01 00:00:00,39,60,6
408,2020-06-01 00:00:00,40,30,1
409,2020-06-08 00:00:00,35,60,4
410,2020-06-08 00:00:00,36,30,1
411,2020-06-08 00:00:00,37,90,1
412,2020-06-08 00:00:00,38,45,5
413,2020-06-08 00:00:00,39,45,7
414,2020-06-08 00:00:00,40,60,7
415,2020-06-15 00:00:00,35,45,2
416,2020-06-15 00:00:00,36,30,7
417,2020-06-15 00:00:00,37,30,6
418,2020-06-15 00:00:00,38,45,5
419,2020-06-15 00:00:00,39,60,1
420,2020-06-15 00:00:00,40,30,1
421,2020-06-22 00:00:00,36,90,4
422,2020-06-22 00:00:00,37,45,5
423,2020-06-22 00:00:00,38,90,7
424,2020-06-22 00:00:00,39,30,3
425,2020-06-22 00:00:00,40,90,5
426,2020-07-01 00:00:00,37,90,5
427,2020-07-01 00:00:00,38,30,6
428,2020-07-01 00:00:00,39,30,5
429,2020-07-01 00:00:00,40,30,3
430,2020-07-01 00:00:00,41,60,5
431,2020-07-01 00:00:00,42,45,2
432,2020-07-08 00:00:00,37,60,3
433,2020-07-08 00:00:00,38,90,5
434,2020-07-08 00:00:00,39,45,3
435,2020-07-08 00:00:00,40,30,6
436,2020-07-08 00:00:00,41,60,7
437,2020-07-08 00:00:00,42,90,4
438,2020-07-15 00:00:00,37,45,2
439,2020-07-15 00:00:00,38,30,3
440,2020-07-15 00:00:00,39,60,3
441,2020-07-15 00:00:00,40,60,2
442,2020-07-15 00:00:00,41,60,6
443,2020-07-15 00:00:00,42,60,4
444,2020-07-22 00:00:00,37,60,7
445,2020-07-22 00:00:00,38,30,4
446,2020-07-22 00:00:00,39,90,4
447,2020-07-22 00:00:00,40,30,5
448,2020-07-22 00:00:00,41,90,6
449,2020-07-22 00:00:00,42,30,1
450,2020-08-01 00:00:00,37,45,2
451,2020-08-01 00:00:00,39,45,5
452,2020-08-01 00:00:00,40,45,7
453,2020-08-01 00:00:00,41,30,3
454,2020-08-01 00:00:00,42,60,3
455,2020-08-01 00:00:00,43,45,5
456,2020-08-01 00:00:00,44,90,4
457,2020-08-08 00:00:00,39,45,5
458,2020-08-08 00:00:00,40,45,3
459,2020-08-08 00:00:00,41,30,3
460,2020-08-08 00:00:00,42,30,3
461,2020-08-08 00:00:00,43,45,3
462,2020-08-08 00:00:00,44,45,2
463,2020-08-15 00:00:00,39,45,3
464,2020-08-15 00:00:00,40,90,4
465,2020-08-15 00:00:00,41,45,1
466,2020-08-15 00:00:00,42,45,2
467,2020-08-15 00:00:00,43,30,3
468,2020-08-15 00:00:00,44,45,2
469,2020-08-22 00:00:00,41,90,5
470,2020-08-22 00:00:00,42,30,4
471,2020-08-22 00:00:00,43,45,5
472,2020-08-22 00:00:00,44,30,6
473,2020-09-01 00:00:00,41,30,1
474,2020-09-01 00:00:00,42,45,6
475,2020-09-01 00:00:00,43,30,2
476,2020-09-01 00:00:00,44,45,7
477,2020-09-01 00:00:00,45,30,3
478,2020-09-01 00:00:00,46,60,5
479,2020-09-08 00:00:00,42,45,2
480,2020-09-08 00:00:00,43,30,2
481,2020-09-08 00:00:00,44,60,1
482,2020-09-08 00:00:00,45,45,1
483,2020-09-08 00:00:00,46,30,2
484,2020-09-15 00:00:00,42,60,3
485,2020-09-15 00:00:00,43,45,2
486,2020-09-15 00:00:00,44,60,5
487,2020-09-15 00:00:00,45,60,4
488,2020-09-15 00:00:00,46,45,1
489,2020-09-22 00:00:00,42,90,2
490,2020-09-22 00:00:00,43,45,2
491,2020-09-22 00:00:00,44,60,7
492,2020-09-22 00:00:00,45,90,4
493,2020-09-22 00:00:00,46,30,4
494,2020-10-01 00:00:00,42,60,3
495,2020-10-01 00:00:00,43,60,3
496,2020-10-01 00:00:00,44,30,5
497,2020-10-01 00:00:00,45,45,4
498,2020-10-01 00:00:00,46,60,6
499,2020-10-01 00:00:00,47,60,3
500,2020-10-01 00:00:00,48,90,4
501,2020-10-08 00:00:00,43,60,5
502,2020-10-08 00:00:00,45,30,4
503,2020-10-08 00:00:00,46,30,3
504,2020-10-08 00:00:00,47,60,7
505,2020-10-08 00:00:00,48,90,5
506,2020-10-15 00:00:00,43,30,5
507,2020-10-15 00:00:00,45,90,7
508,2020-10-15 00:00:00,46,30,4
509,2020-10-15 00:00:00,47,30,1
510,2020-10-15 00:00:00,48,90,7
511,2020-10-22 00:00:00,45,45,7
512,2020-10-22 00:00:00,46,60,2
513,2020-10-22 00:00:00,47,30,5
514,2020-10-22 00:00:00,48,30,4
515,2020-11-01 00:00:00,45,30,6
516,2020-11-01 00:00:00,46,30,6
517,2020-11-01 00:00:00,47,90,7
518,2020-11-01 00:00:00,48,45,3
519,2020-11-01 00:00:00,49,60,5
520,2020-11-01 00:00:00,50,90,6
521,2020-11-08 00:00:00,45,30,3
522,2020-11-08 00:00:00,46,45,3
523,2020-11-08 00:00:00,47,30,6
524,2020-11-08 00:00:00,48,60,5
525,2020-11-08 00:00:00,49,90,5
526,2020-11-08 00:00:00,50,45,7
527,2020-11-15 00:00:00,45,60,5
528,2020-11-15 00:00:00,46,30,5
529,2020-11-15 00:00:00,47,60,6
530,2020-11-15 00:00:00,48,45,5
531,2020-11-15 00:00:00,49,45,4
532,2020-11-15 00:00:00,50,90,6
533,2020-11-22 00:00:00,45,30,5
534,2020-11-22 00:00:00,46,90,7
535,2020-11-22 00:00:00,47,90,6
536,2020-11-22 00:00:00,48,90,4
537,2020-11-22 00:00:00,49,90,7
538,2020-11-22 00:00:00,50,45,6
539,2020-12-01 00:00:00,47,45,1
540,2020-12-01 00:00:00,48,60,6
541,2020-12-01 00:00:00,49,90,6
542,2020-12-01 00:00:00,50,90,1
543,2020-12-01 00:00:00,51,60,3
544,2020-12-01 00:00:00,52,60,5
545,2020-12-08 00:00:00,47,60,5
546,2020-12-08 00:00:00,48,30,5
547,2020-12-08 00:00:00,49,45,7
548,2020-12-08 00:00:00,50,45,5
549,2020-12-08 00:00:00,51,45,6
550,2020-12-08 00:00:00,52,45,1
551,2020-12-15 00:00:00,47,60,4
552,2020-12-15 00:00:00,48,90,7
553,2020-12-15 00:00:00,49,30,5
554,2020-12-15 00:00:00,50,60,6
555,2020-12-15 00:00:00,51,60,3
556,2020-12-15 00:00:00,52,45,5
557,2020-12-22 00:00:00,49,45,4
558,2020-12-22 00:00:00,50,60,6
559,2020-12-22 00:00:00,51,30,2
560,2020-12-22 00:00:00,52,90,6
561,2021-01-01 00:00:00,49,60,7
562,2021-01-01 00:00:00,50,45,1
563,2021-01-01 00:00:00,51,90,5
564,2021-01-01 00:00:00,52,30,1
565,2021-01-01 00:00:00,53,30,3
566,2021-01-01 00:00:00,54,30,4
567,2021-01-08 00:00:00,49,30,3
568,2021-01-08 00:00:00,50,30,3
569,2021-01-08 00:00:00,51,90,4
570,2021-01-08 00:00:00,52,45,4
571,2021-01-08 00:00:00,53,90,5
572,2021-01-08 00:00:00,54,45,7
573,2021-01-15 00:00:00,51,90,6
574,2021-01-15 00:00:00,52,45,3
575,2021-01-15 00:00:00,53,60,6
576,2021-01-15 00:00:00,54,90,5
577,2021-01-22 00:00:00,51,45,6
578,2021-01-22 00:00:00,52,30,1
579,2021-01-22 00:00:00,53,90,5
580,2021-01-22 00:00:00,54,60,3
581,2021-02-01 00:00:00,51,60,3
582,2021-02-01 00:00:00,52,60,7
583,2021-02-01 00:00:00,53,30,4
584,2021-02-01 00:00:00,54,30,5
585,2021-02-01 00:00:00,55,60,6
586,2021-02-01 00:00:00,56,60,1
587,2021-02-08 00:00:00,51,30,2
588,2021-02-08 00:00:00,52,90,1
589,2021-02-08 00:00:00,53,60,1
590,2021-02-08 00:00:00,54,60,6
591,2021-02-08 00:00:00,55,60,1
592,2021-02-08 00:00:00,56,60,7
593,2021-02-15 00:00:00,51,90,6
594,2021-02-15 00:00:00,52,30,2
595,2021-02-15 00:00:00,53,60,6
596,2021-02-15 00:00:00,54,45,4
597,2021-02-15 00:00:00,55,90,3
598,2021-02-15 00:00:00,56,45,6
599,2021-02-22 00:00:00,51,45,2
600,2021-02-22 00:00:00,52,90,1
601,2021-02-22 00:00:00,53,60,3
602,2021-02-22 00:00:00,54,60,4
603,2021-02-22 00:00:00,55,90,5
604,2021-02-22 00:00:00,56,45,1
605,2021-04-01 00:00:00,51,30,2
606,2021-04-01 00:00:00,52,30,6
607,2021-04-01 00:00:00,53,60,3
608,2021-04-01 00:00:00,54,45,2
609,2021-04-01 00:00:00,55,60,6
610,2021-04-01 00:00:00,56,45,5
611,2021-04-01 00:00:00,57,60,1
612,2021-04-01 00:00:00,58,90,7
613,2021-04-08 00:00:00,53,30,7
614,2021-04-08 00:00:00,54,60,7
615,2021-04-08 00:00:00,55,30,3
616,2021-04-08 00:00:00,56,30,1
617,2021-04-08 00:00:00,57,30,1
618,2021-04-08 00:00:00,58,60,4
619,2021-04-15 00:00:00,55,90,2
620,2021-04-15 00:00:00,57,60,5
621,2021-04-15 00:00:00,58,45,1
622,2021-04-22 00:00:00,57,60,6
623,2021-04-22 00:00:00,58,30,5
624,2021-05-01 00:00:00,57,90,7
625,2021-05-01 00:00:00,58,90,4
626,2021-05-01 00:00:00,59,30,7
627,2021-05-01 00:00:00,60,30,4
628,2021-05-08 00:00:00,57,60,5
629,2021-05-08 00:00:00,58,45,6
630,2021-05-08 00:00:00,59,45,1
631,2021-05-08 00:00:00,60,60,3
632,2021-05-15 00:00:00,57,45,4
633,2021-05-15 00:00:00,58,45,3
634,2021-05-15 00:00:00,59,30,3
635,2021-05-15 00:00:00,60,45,6
636,2021-05-22 00:00:00,57,30,1
637,2021-05-22 00:00:00,58,60,1
638,2021-05-22 00:00:00,59,60,3
639,2021-05-22 00:00:00,60,90,3
640,2021-06-01 00:00:00,57,60,1
641,2021-06-01 00:00:00,58,60,6
642,2021-06-01 00:00:00,59,30,6
643,2021-06-01 00:00:00,60,60,2
644,2021-06-01 00:00:00,61,30,1
645,2021-06-01 00:00:00,62,60,5
646,2021-06-08 00:00:00,57,60,4
647,2021-06-08 00:00:00,58,30,6
648,2021-06-08 00:00:00,59,90,6
649,2021-06-08 00:00:00,60,45,1
650,2021-06-08 00:00:00,61,60,3
651,2021-06-08 00:00:00,62,30,5
652,2021-06-15 00:00:00,58,45,4
653,2021-06-15 00:00:00,59,45,5
654,2021-06-15 00:00:00,60,30,1
655,2021-06-15 00:00:00,61,45,4
656,2021-06-15 00:00:00,62,30,4
657,2021-06-22 00:00:00,58,45,7
658,2021-06-22 00:00:00,59,90,6
659,2021-06-22 00:00:00,60,30,5
660,2021-06-22 00:00:00,61,30,7
661,2021-06-22 00:00:00,62,45,1
662,2021-07-01 00:00:00,59,30,2
663,2021-07-01 00:00:00,60,30,4
664,2021-07-01 00:00:00,61,45,7
665,2021-07-01 00:00:00,62,60,5
666,2021-07-01 00:00:00,63,30,2
667,2021-07-01 00:00:00,64,60,6
668,2021-07-08 00:00:00,59,45,7
669,2021-07-08 00:00:00,60,90,1
670,2021-07-08 00:00:00,61,30,6
671,2021-07-08 00:00:00,62,90,6
672,2021-07-08 00:00:00,63,90,1
673,2021-07-08 00:00:00,64,90,1
674,2021-07-15 00:00:00,59,90,4
675,2021-07-15 00:00:00,60,60,6
676,2021-07-15 00:00:00,61,30,6
677,2021-07-15 00:00:00,62,45,2
678,2021-07-15 00:00:00,63,45,7
679,2021-07-15 00:00:00,64,30,6
680,2021-07-22 00:00:00,61,90,1
681,2021-07-22 00:00:00,62,90,4
682,2021-07-22 00:00:00,63,45,3
683,2021-07-22 00:00:00,64,90,4
684,2021-08-01 00:00:00,61,45,3
685,2021-08-01 00:00:00,62,45,7
686,2021-08-01 00:00:00,63,90,6
687,2021-08-01 00:00:00,64,45,4
688,2021-08-01 00:00:00,65,90,4
689,2021-08-01 00:00:00,66,45,3
690,2021-08-08 00:00:00,61,60,4
691,2021-08-08 00:00:00,62,45,4
692,2021-08-08 00:00:00,63,90,6
693,2021-08-08 00:00:00,64,60,7
694,2021-08-08 00:00:00,65,30,6
695,2021-08-08 00:00:00,66,60,5
696,2021-08-15 00:00:00,61,60,6
697,2021-08-15 00:00:00,63,30,2
698,2021-08-15 00:00:00,64,45,3
699,2021-08-15 00:00:00,65,90,5
700,2021-08-15 00:00:00,66,30,1
701,2021-08-22 00:00:00,63,60,5
702,2021-08-22 00:00:00,64,90,3
703,2021-08-22 00:00:00,65,45,4
704,2021-08-22 00:00:00,66,30,6
705,2021-09-01 00:00:00,63,60,6
706,2021-09-01 00:00:00,64,90,3
707,2021-09-01 00:00:00,65,30,3
708,2021-09-01 00:00:00,66,30,2
709,2021-09-01 00:00:00,67,30,5
710,2021-09-01 00:00:00,68,90,2
711,2021-09-08 00:00:00,63,30,5
712,2021-09-08 00:00:00,64,30,3
713,2021-09-08 00:00:00,65,30,7
714,2021-09-08 00:00:00,66,90,6
715,2021-09-08 00:00:00,67,60,2
716,2021-09-08 00:00:00,68,45,7
717,2021-09-15 00:00:00,63,90,1
718,2021-09-15 00:00:00,64,30,3
719,2021-09-15 00:00:00,65,60,1
720,2021-09-15 00:00:00,66,60,5
721,2021-09-15 00:00:00,67,90,3
722,2021-09-15 00:00:00,68,45,3
723,2021-09-22 00:00:00,65,45,3
724,2021-09-22 00:00:00,66,45,4
725,2021-09-22 00:00:00,67,60,3
726,2021-09-22 00:00:00,68,60,5
727,2021-10-01 00:00:00,65,30,3
728,2021-10-01 00:00:00,66,30,4
729,2021-10-01 00:00:00,67,90,2
730,2021-10-01 00:00:00,68,30,1
731,2021-10-01 00:00:00,69,90,1
732,2021-10-01 00:00:00,70,30,2
733,2021-10-08 00:00:00,66,60,6
734,2021-10-08 00:00:00,67,60,6
735,2021-10-08 00:00:00,68,90,1
736,2021-10-08 00:00:00,69,90,2
737,2021-10-08 00:00:00,70,45,6
738,2021-10-15 00:00:00,66,30,7
739,2021-10-15 00:00:00,67,30,5
740,2021-10-15 00:00:00,68,45,4
741,2021-10-15 00:00:00,69,45,5
742,2021-10-15 00:00:00,70,30,4
743,2021-10-22 00:00:00,66,90,4
744,2021-10-22 00:00:00,67,60,1
745,2021-10-22 00:00:00,68,45,1
746,2021-10-22 00:00:00,69,30,7
747,2021-10-22 00:00:00,70,45,2
748,2021-11-01 00:00:00,67,60,5
749,2021-11-01 00:00:00,68,60,7
750,2021-11-01 00:00:00,69,60,4
751,2021-11-01 00:00:00,70,60,7
752,2021-11-01 00:00:00,71,30,2
753,2021-11-01 00:00:00,72,30,1
754,2021-11-08 00:00:00,67,60,7
755,2021-11-08 00:00:00,68,30,4
756,2021-11-08 00:00:00,69,60,3
757,2021-11-08 00:00:00,70,90,7
758,2021-11-08 00:00:00,71,90,5
759,2021-11-08 00:00:00,72,30,6
760,2021-11-15 00:00:00,67,60,2
761,2021-11-15 00:00:00,68,90,1
762,2021-11-15 00:00:00,69,30,6
763,2021-11-15 00:00:00,70,90,3
764,2021-11-15 00:00:00,71,60,3
765,2021-11-15 00:00:00,72,45,3
766,2021-11-22 00:00:00,67,90,4
767,2021-11-22 00:00:00,68,45,3
768,2021-11-22 00:00:00,69,30,3
769,2021-11-22 00:00:00,70,45,7
770,2021-11-22 00:00:00,71,90,7
771,2021-11-22 00:00:00,72,30,7
772,2021-12-01 00:00:00,67,90,7
773,2021-12-01 00:00:00,69,90,4
774,2021-12-01 00:00:00,70,45,7
775,2021-12-01 00:00:00,71,90,2
776,2021-12-01 00:00:00,72,60,7
777,2021-12-01 00:00:00,73,60,2
778,2021-12-01 00:00:00,74,60,1
779,2021-12-08 00:00:00,69,90,5
780,2021-12-08 00:00:00,70,90,3
781,2021-12-08 00:00:00,71,30,3
782,2021-12-08 00:00:00,72,60,4
783,2021-12-08 00:00:00,73,45,5
784,2021-12-08 00:00:00,74,30,7
785,2021-12-15 00:00:00,69,30,5
786,2021-12-15 00:00:00,71,30,5
787,2021-12-15 00:00:00,72,30,2
788,2021-12-15 00:00:00,73,45,7
789,2021-12-15 00:00:00,74,30,7
790,2021-12-22 00:00:00,69,45,6
791,2021-12-22 00:00:00,71,30,3
792,2021-12-22 00:00:00,72,90,5
793,2021-12-22 00:00:00,73,45,7
794,2021-12-22 00:00:00,74,90,6
795,2022-01-01 00:00:00,71,30,3
796,2022-01-01 00:00:00,72,30,1
797,2022-01-01 00:00:00,73,60,6
798,2022-01-01 00:00:00,74,90,6
799,2022-01-01 00:00:00,75,60,1
800,2022-01-01 00:00:00,76,90,3
801,2022-01-08 00:00:00,71,30,6
802,2022-01-08 00:00:00,72,45,6
803,2022-01-08 00:00:00,73,30,4
804,2022-01-08 00:00:00,74,60,1
805,2022-01-08 00:00:00,75,60,3
806,2022-01-08 00:00:00,76,90,3
807,2022-01-15 00:00:00,71,30,1
808,2022-01-15 00:00:00,72,30,6
809,2022-01-15 00:00:00,73,60,5
810,2022-01-15 00:00:00,74,90,7
811,2022-01-15 00:00:00,75,90,5
812,2022-01-15 00:00:00,76,45,7
813,2022-01-22 00:00:00,71,90,4
814,2022-01-22 00:00:00,72,45,2
815,2022-01-22 00:00:00,73,45,7
816,2022-01-22 00:00:00,74,45,6
817,2022-01-22 00:00:00,75,30,6
818,2022-01-22 00:00:00,76,90,7
819,2022-02-01 00:00:00,73,90,2
820,2022-02-01 00:00:00,74,30,4
821,2022-02-01 00:00:00,75,45,6
822,2022-02-01 00:00:00,76,30,1
823,2022-02-01 00:00:00,77,30,1
824,2022-02-01 00:00:00,78,30,4
825,2022-02-08 00:00:00,73,30,3
826,2022-02-08 00:00:00,74,60,7
827,2022-02-08 00:00:00,75,45,4
828,2022-02-08 00:00:00,76,30,4
829,2022-02-08 00:00:00,77,90,6
830,2022-02-08 00:00:00,78,90,1
831,2022-02-15 00:00:00,73,60,6
832,2022-02-15 00:00:00,74,60,2
833,2022-02-15 00:00:00,75,90,4
834,2022-02-15 00:00:00,76,90,3
835,2022-02-15 00:00:00,77,90,6
836,2022-02-15 00:00:00,78,30,5
837,2022-02-22 00:00:00,73,45,1
838,2022-02-22 00:00:00,75,60,3
839,2022-02-22 00:00:00,76,90,2
840,2022-02-22 00:00:00,77,45,2
841,2022-02-22 00:00:00,78,90,5
842,2022-04-01 00:00:00,75,60,5
843,2022-04-01 00:00:00,77,60,6
844,2022-04-01 00:00:00,78,90,1
845,2022-04-01 00:00:00,79,60,1
846,2022-04-01 00:00:00,80,45,1
847,2022-04-08 00:00:00,77,90,4
848,2022-04-08 00:00:00,78,90,6
849,2022-04-08 00:00:00,79,90,2
850,2022-04-08 00:00:00,80,45,5
851,2022-04-15 00:00:00,79,45,6
852,2022-04-15 00:00:00,80,30,4
853,2022-04-22 00:00:00,79,30,5
854,2022-04-22 00:00:00,80,45,7
855,2022-05-01 00:00:00,79,45,2
856,2022-05-01 00:00:00,80,45,1
857,2022-05-01 00:00:00,81,60,1
858,2022-05-01 00:00:00,82,60,5
859,2022-05-08 00:00:00,79,30,3
860,2022-05-08 00:00:00,80,90,7
861,2022-05-08 00:00:00,81,60,7
862,2022-05-08 00:00:00,82,60,5
863,2022-05-15 00:00:00,79,90,3
864,2022-05-15 00:00:00,80,90,3
865,2022-05-15 00:00:00,81,90,4
866,2022-05-15 00:00:00,82,45,6
867,2022-05-22 00:00:00,79,30,7
868,2022-05-22 00:00:00,80,30,3
869,2022-05-22 00:00:00,81,30,6
870,2022-05-22 00:00:00,82,30,5
871,2022-06-01 00:00:00,79,30,1
872,2022-06-01 00:00:00,80,30,1
873,2022-06-01 00:00:00,81,45,2
874,2022-06-01 00:00:00,82,30,4
875,2022-06-01 00:00:00,83,30,7
876,2022-06-01 00:00:00,84,60,7
877,2022-06-08 00:00:00,79,45,5
878,2022-06-08 00:00:00,80,90,4
879,2022-06-08 00:00:00,81,30,2
880,2022-06-08 00:00:00,82,60,1
881,2022-06-08 00:00:00,83,60,3
882,2022-06-08 00:00:00,84,90,6
883,2022-06-15 00:00:00,79,90,2
884,2022-06-15 00:00:00,81,90,1
885,2022-06-15 00:00:00,82,90,2
886,2022-06-15 00:00:00,83,90,3
887,2022-06-15 00:00:00,84,60,2
888,2022-06-22 00:00:00,81,60,5
889,2022-06-22 00:00:00,82,60,6
890,2022-06-22 00:00:00,83,30,5
891,2022-06-22 00:00:00,84,30,3
892,2022-07-01 00:00:00,81,60,6
893,2022-07-01 00:00:00,82,30,2
894,2022-07-01 00:00:00,83,30,4
895,2022-07-01 00:00:00,84,45,4
896,2022-07-01 00:00:00,85,30,6
897,2022-07-01 00:00:00,86,60,4
898,2022-07-08 00:00:00,81,45,4
899,2022-07-08 00:00:00,82,30,6
900,2022-07-08 00:00:00,83,30,7
901,2022-07-08 00:00:00,84,90,2
902,2022-07-08 00:00:00,85,45,7
903,2022-07-08 00:00:00,86,90,5
904,2022-07-15 00:00:00,81,90,6
905,2022-07-15 00:00:00,82,60,3
906,2022-07-15 00:00:00,83,30,2
907,2022-07-15 00:00:00,84,90,1
908,2022-07-15 00:00:00,85,45,5
909,2022-07-15 00:00:00,86,45,5
910,2022-07-22 00:00:00,81,90,1
911,2022-07-22 00:00:00,83,60,4
912,2022-07-22 00:00:00,84,45,1
913,2022-07-22 00:00:00,85,30,1
914,2022-07-22 00:00:00,86,30,4
915,2022-08-01 00:00:00,81,90,3
916,2022-08-01 00:00:00,83,90,1
917,2022-08-01 00:00:00,84,60,1
918,2022-08-01 00:00:00,85,60,3
919,2022-08-01 00:00:00,86,90,6
920,2022-08-01 00:00:00,87,90,3
921,2022-08-01 00:00:00,88,30,1
922,2022-08-08 00:00:00,81,90,6
923,2022-08-08 00:00:00,83,90,7
924,2022-08-08 00:00:00,84,60,3
925,2022-08-08 00:00:00,85,45,3
926,2022-08-08 00:00:00,86,60,6
927,2022-08-08 00:00:00,87,90,1
928,2022-08-08 00:00:00,88,30,3
929,2022-08-15 00:00:00,81,45,7
930,2022-08-15 00:00:00,83,30,3
931,2022-08-15 00:00:00,84,45,2
932,2022-08-15 00:00:00,85,45,2
933,2022-08-15 00:00:00,86,45,2
934,2022-08-15 00:00:00,87,45,7
935,2022-08-15 00:00:00,88,30,2
936,2022-08-22 00:00:00,83,45,3
937,2022-08-22 00:00:00,84,90,4
938,2022-08-22 00:00:00,85,90,2
939,2022-08-22 00:00:00,86,90,2
940,2022-08-22 00:00:00,87,45,7
941,2022-08-22 00:00:00,88,45,1
942,2022-09-01 00:00:00,85,45,1
943,2022-09-01 00:00:00,86,45,2
944,2022-09-01 00:00:00,87,45,7
945,2022-09-01 00:00:00,88,90,2
946,2022-09-01 00:00:00,89,60,3
947,2022-09-01 00:00:00,90,30,2
948,2022-09-08 00:00:00,85,90,2
949,2022-09-08 00:00:00,86,45,3
950,2022-09-08 00:00:00,87,90,6
951,2022-09-08 00:00:00,88,60,5
952,2022-09-08 00:00:00,89,60,2
953,2022-09-08 00:00:00,90,45,1
954,2022-09-15 00:00:00,86,30,3
955,2022-09-15 00:00:00,87,45,1
956,2022-09-15 00:00:00,88,30,5
957,2022-09-15 00:00:00,89,90,2
958,2022-09-15 00:00:00,90,45,2
959,2022-09-22 00:00:00,86,60,3
960,2022-09-22 00:00:00,87,30,1
961,2022-09-22 00:00:00,88,60,1
962,2022-09-22 00:00:00,89,30,5
963,2022-09-22 00:00:00,90,60,6
964,2022-10-01 00:00:00,87,90,4
965,2022-10-01 00:00:00,88,90,5
966,2022-10-01 00:00:00,89,60,5
967,2022-10-01 00:00:00,90,90,2
968,2022-10-01 00:00:00,91,90,6
969,2022-10-01 00:00:00,92,60,6
970,2022-10-08 00:00:00,87,60,4
971,2022-10-08 00:00:00,88,45,1
972,2022-10-08 00:00:00,89,45,7
973,2022-10-08 00:00:00,90,45,3
974,2022-10-08 00:00:00,91,45,3
975,2022-10-08 00:00:00,92,60,7
976,2022-10-15 00:00:00,89,30,7
977,2022-10-15 00:00:00,90,90,5
978,2022-10-15 00:00:00,91,90,7
979,2022-10-15 00:00:00,92,30,6
980,2022-10-22 00:00:00,89,45,2
981,2022-10-22 00:00:00,90,60,2
982,2022-10-22 00:00:00,91,30,7
983,2022-10-22 00:00:00,92,45,1
984,2022-11-01 00:00:00,89,60,7
985,2022-11-01 00:00:00,90,60,1
986,2022-11-01 00:00:00,91,30,7
987,2022-11-01 00:00:00,92,60,6
988,2022-11-01 00:00:00,93,30,7
989,2022-11-01 00:00:00,94,45,1
990,2022-11-08 00:00:00,89,90,5
991,2022-11-08 00:00:00,90,30,1
992,2022-11-08 00:00:00,91,90,6
993,2022-11-08 00:00:00,92,45,4
994,2022-11-08 00:00:00,93,45,7
995,2022-11-08 00:00:00,94,90,7
996,2022-11-15 00:00:00,89,90,3
997,2022-11-15 00:00:00,90,45,2
998,2022-11-15 00:00:00,91,60,2
999,2022-11-15 00:00:00,92,60,7
1000,2022-11-15 00:00:00,93,90,6
1001,2022-11-15 00:00:00,94,60,5
1002,2022-11-22 00:00:00,89,60,2
1003,2022-11-22 00:00:00,90,30,6
1004,2022-11-22 00:00:00,91,30,5
1005,2022-11-22 00:00:00,92,45,1
1006,2022-11-22 00:00:00,93,30,4
1007,2022-11-22 00:00:00,94,60,5
1008,2022-12-01 00:00:00,90,60,7
1009,2022-12-01 00:00:00,91,60,2
1010,2022-12-01 00:00:00,92,30,5
1011,2022-12-01 00:00:00,93,30,4
1012,2022-12-01 00:00:00,94,90,1
1013,2022-12-01 00:00:00,95,30,7
1014,2022-12-01 00:00:00,96,60,3
1015,2022-12-08 00:00:00,91,90,7
1016,2022-12-08 00:00:00,92,60,5
1017,2022-12-08 00:00:00,93,60,1
1018,2022-12-08 00:00:00,94,90,3
1019,2022-12-08 00:00:00,95,60,7
1020,2022-12-08 00:00:00,96,30,7
1021,2022-12-15 00:00:00,91,60,2
1022,2022-12-15 00:00:00,92,45,4
1023,2022-12-15 00:00:00,93,45,3
1024,2022-12-15 00:00:00,94,45,2
1025,2022-12-15 00:00:00,95,60,7
1026,2022-12-15 00:00:00,96,30,3
1027,2022-12-22 00:00:00,91,30,5
1028,2022-12-22 00:00:00,92,30,1
1029,2022-12-22 00:00:00,93,60,5
1030,2022-12-22 00:00:00,95,45,2
1031,2022-12-22 00:00:00,96,30,5
1032,2023-01-01 00:00:00,92,45,6
1033,2023-01-01 00:00:00,93,30,1
1034,2023-01-01 00:00:00,95,60,4
1035,2023-01-01 00:00:00,96,30,1
1036,2023-01-01 00:00:00,97,30,4
1037,2023-01-01 00:00:00,98,30,4
1038,2023-01-08 00:00:00,93,45,1
1039,2023-01-08 00:00:00,95,45,1
1040,2023-01-08 00:00:00,96,45,1
1041,2023-01-08 00:00:00,97,45,6
1042,2023-01-08 00:00:00,98,90,7
1043,2023-01-15 00:00:00,95,90,2
1044,2023-01-15 00:00:00,96,45,7
1045,2023-01-15 00:00:00,97,60,6
1046,2023-01-15 00:00:00,98,45,7
1047,2023-01-22 00:00:00,95,60,4
1048,2023-01-22 00:00:00,96,45,4
1049,2023-01-22 00:00:00,97,45,7
1050,2023-01-22 00:00:00,98,60,4
1051,2023-02-01 00:00:00,95,60,6
1052,2023-02-01 00:00:00,96,30,2
1053,2023-02-01 00:00:00,97,30,1
1054,2023-02-01 00:00:00,98,60,1
1055,2023-02-01 00:00:00,99,45,1
1056,2023-02-01 00:00:00,100,60,4
1057,2023-02-08 00:00:00,95,30,7
1058,2023-02-08 00:00:00,97,30,4
1059,2023-02-08 00:00:00,98,60,5
1060,2023-02-08 00:00:00,99,90,1
1061,2023-02-08 00:00:00,100,30,4
1062,2023-02-15 00:00:00,95,60,4
1063,2023-02-15 00:00:00,97,45,5
1064,2023-02-15 00:00:00,98,45,6
1065,2023-02-15 00:00:00,99,45,7
1066,2023-02-15 00:00:00,100,45,4
1067,2023-02-22 00:00:00,97,45,2
1068,2023-02-22 00:00:00,98,90,1
1069,2023-02-22 00:00:00,99,90,5
1070,2023-02-22 00:00:00,100,90,3
1071,2023-04-01 00:00:00,98,45,7
1072,2023-04-01 00:00:00,99,45,3
1073,2023-04-01 00:00:00,100,45,6
1074,2023-04-01 00:00:00,101,60,4
1075,2023-04-01 00:00:00,102,30,2
1076,2023-04-08 00:00:00,98,30,3
1077,2023-04-08 00:00:00,99,30,1
1078,2023-04-08 00:00:00,100,60,2
1079,2023-04-08 00:00:00,101,45,4
1080,2023-04-08 00:00:00,102,90,5
1081,2023-04-15 00:00:00,99,30,2
1082,2023-04-15 00:00:00,100,90,1
1083,2023-04-15 00:00:00,101,60,3
1084,2023-04-15 00:00:00,102,90,4
1085,2023-04-22 00:00:00,99,30,1
1086,2023-04-22 00:00:00,100,90,2
1087,2023-04-22 00:00:00,101,90,5
1088,2023-04-22 00:00:00,102,90,2
1089,2023-05-01 00:00:00,101,30,5
1090,2023-05-01 00:00:00,102,90,3
1091,2023-05-01 00:00:00,103,60,1
1092,2023-05-01 00:00:00,104,45,2
1093,2023-05-08 00:00:00,101,90,3
1094,2023-05-08 00:00:00,102,45,4
1095,2023-05-08 00:00:00,103,90,5
1096,2023-05-08 00:00:00,104,30,1
1097,2023-05-15 00:00:00,101,60,1
1098,2023-05-15 00:00:00,102,45,5
1099,2023-05-15 00:00:00,103,60,1
1100,2023-05-15 00:00:00,104,45,7
1101,2023-05-22 00:00:00,101,90,2
1102,2023-05-22 00:00:00,102,60,5
1103,2023-05-22 00:00:00,103,60,5
1104,2023-05-22 00:00:00,104,90,5
1105,2023-06-01 00:00:00,101,60,5
1106,2023-06-01 00:00:00,103,45,3
1107,2023-06-01 00:00:00,104,45,2
1108,2023-06-01 00:00:00,105,45,2
1109,2023-06-01 00:00:00,106,30,1
1110,2023-06-08 00:00:00,101,90,7
1111,2023-06-08 00:00:00,103,60,7
1112,2023-06-08 00:00:00,104,30,3
1113,2023-06-08 00:00:00,105,30,2
1114,2023-06-08 00:00:00,106,90,1
1115,2023-06-15 00:00:00,101,45,4
1116,2023-06-15 00:00:00,103,45,1
1117,2023-06-15 00:00:00,104,30,5
1118,2023-06-15 00:00:00,105,45,1
1119,2023-06-15 00:00:00,106,60,1
1120,2023-06-22 00:00:00,101,45,5
1121,2023-06-22 00:00:00,103,30,6
1122,2023-06-22 00:00:00,104,45,2
1123,2023-06-22 00:00:00,105,45,2
1124,2023-06-22 00:00:00,106,45,4
1125,2023-07-01 00:00:00,103,30,5
1126,2023-07-01 00:00:00,105,90,4
1127,2023-07-01 00:00:00,106,90,2
1128,2023-07-01 00:00:00,107,30,1
1129,2023-07-01 00:00:00,108,60,4
1130,2023-07-08 00:00:00,103,30,5
1131,2023-07-08 00:00:00,105,30,7
1132,2023-07-08 00:00:00,106,30,2
1133,2023-07-08 00:00:00,107,45,3
1134,2023-07-08 00:00:00,108,90,3
1135,2023-07-15 00:00:00,103,45,2
1136,2023-07-15 00:00:00,105,30,6
1137,2023-07-15 00:00:00,106,30,1
1138,2023-07-15 00:00:00,107,60,2
1139,2023-07-15 00:00:00,108,45,7
1140,2023-07-22 00:00:00,105,45,2
1141,2023-07-22 00:00:00,106,30,3
1142,2023-07-22 00:00:00,107,60,3
1143,2023-07-22 00:00:00,108,45,6
1144,2023-08-01 00:00:00,105,60,1
1145,2023-08-01 00:00:00,106,90,1
1146,2023-08-01 00:00:00,107,30,1
1147,2023-08-01 00:00:00,108,90,1
1148,2023-08-01 00:00:00,109,45,7
1149,2023-08-01 00:00:00,110,30,2
1150,2023-08-08 00:00:00,105,60,2
1151,2023-08-08 00:00:00,106,90,1
1152,2023-08-08 00:00:00,107,60,6
1153,2023-08-08 00:00:00,108,45,3
1154,2023-08-08 00:00:00,109,90,2
1155,2023-08-08 00:00:00,110,30,5
1156,2023-08-15 00:00:00,106,30,7
1157,2023-08-15 00:00:00,107,90,3
1158,2023-08-15 00:00:00,108,30,7
1159,2023-08-15 00:00:00,109,30,4
1160,2023-08-15 00:00:00,110,45,7
1161,2023-08-22 00:00:00,106,60,4
1162,2023-08-22 00:00:00,107,90,3
1163,2023-08-22 00:00:00,108,45,6
1164,2023-08-22 00:00:00,109,45,4
1165,2023-08-22 00:00:00,110,90,7
1166,2023-09-01 00:00:00,106,90,6
1167,2023-09-01 00:00:00,107,90,5
1168,2023-09-01 00:00:00,108,60,3
1169,2023-09-01 00:00:00,109,60,5
1170,2023-09-01 00:00:00,110,60,7
1171,2023-09-01 00:00:00,111,60,3
1172,2023-09-01 00:00:00,112,60,3
1173,2023-09-08 00:00:00,107,30,2
1174,2023-09-08 00:00:00,108,90,7
1175,2023-09-08 00:00:00,109,45,3
1176,2023-09-08 00:00:00,110,90,3
1177,2023-09-08 00:00:00,111,60,5
1178,2023-09-08 00:00:00,112,90,3
1179,2023-09-15 00:00:00,107,30,4
1180,2023-09-15 00:00:00,108,30,2
1181,2023-09-15 00:00:00,109,30,1
1182,2023-09-15 00:00:00,110,60,2
1183,2023-09-15 00:00:00,111,30,2
1184,2023-09-15 00:00:00,112,45,2
1185,2023-09-22 00:00:00,108,60,7
1186,2023-09-22 00:00:00,109,45,7
1187,2023-09-22 00:00:00,110,90,3
1188,2023-09-22 00:00:00,111,60,4
1189,2023-09-22 00:00:00,112,90,1
1190,2023-10-01 00:00:00,109,30,1
1191,2023-10-01 00:00:00,110,45,7
1192,2023-10-01 00:00:00,111,45,6
1193,2023-10-01 00:00:00,112,45,3
1194,2023-10-01 00:00:00,113,45,3
1195,2023-10-01 00:00:00,114,45,6
1196,2023-10-08 00:00:00,109,45,1
1197,2023-10-08 00:00:00,110,90,2
1198,2023-10-08 00:00:00,111,30,1
1199,2023-10-08 00:00:00,112,45,6
1200,2023-10-08 00:00:00,113,90,1
1201,2023-10-08 00:00:00,114,30,7
1202,2023-10-15 00:00:00,110,60,3
1203,2023-10-15 00:00:00,111,60,5
1204,2023-10-15 00:00:00,112,45,1
1205,2023-10-15 00:00:00,113,45,2
1206,2023-10-15 00:00:00,114,30,7
1207,2023-10-22 00:00:00,111,45,1
1208,2023-10-22 00:00:00,112,90,2
1209,2023-10-22 00:00:00,113,45,4
1210,2023-10-22 00:00:00,114,90,6
